filename,format,generation,serial_hex,valid
A-DATA ADOVF1B163G2G.thp,TH20,?,,no
A-DATA AO1L16BC4R1-BX7S.thp,TH20,DDR3,0xDEBA0200,yes
A-DATA AX.thp,TH53,DDR5,0x00011076,yes
A-DATA AX4U320016G16A-DCBK2.thp,TH43,DDR4,0xEA400400,yes
A-DATA AX4U320016G16A-DT50.thp,TH42,?,,no
A-DATA AX4U32008G16A-SBKD35.thp,TH43,DDR4,0x444A0200,yes
A-DATA AX4U360016G18I-DCBK2.thp,TH43,DDR4,0xF4E10200,yes
A-DATA AX4U360016G18I-DCBKD.thp,TH43,DDR4,0x19FE0100,yes
A-DATA AX4U360016G18I-DT41.thp,TH41,DDR3,0x07009604,yes
A-DATA AX4U360016G18I-DTBKD.thp,TH43,DDR4,0x15400100,yes
A-DATA AX4U36008G18I-ST41.thp,TH41,DDR4,0x1D630F76,yes
A-DATA AX5U5200C3816G-B.thp,TH53,DDR5,0x00328455,yes
A-DATA AX5U5200C3816G-DCLARWH.thp,TH53,DDR5,0x00011076,yes
A-DATA AX5U6000C3016G-BLABBK.thp,TH53,DDR5,0x00229965,yes
A-DATA AX5U6000C3024G-BLABRBK.thp,TH53,DDR5,0x00079795,yes
A-DATA AX5U6000C3032G-DCLARBK.thp,TH53,DDR5,0x00520700,yes
A-DATA AX5U6000C3032G-DCLARWH.thp,TH53,DDR5,0x00088486,yes
A-DATA AX5U6000C4016G-DCLABK.thp,TH53,DDR5,0x00276797,yes
A-DATA AX5U6400C3232G-BLARBK.thp,TH53,DDR5,0x00243981,yes
A-DATA DDR3 2200  2OZ.thp,TH20,DDR3,0x00000000,yes
A-DATA DDR4 2666 2OZ.thp,TH43,DDR4,0x63400400,yes
A-DATA DDR4 3000 (1).thp,TH43,DDR4,0xDE010000,yes
A-DATA DDR4 3000 (2).thp,TH43,?,,no
A-DATA DDR4 3000 (3).thp,TH40,?,,no
A-DATA DDR4 3000 2OZ.thp,TH43,?,,no
A-DATA DDR4 3000.thp,TH43,DDR4,0xEE800000,yes
A-DATA DDR4 3200 (1).thp,TH43,?,,no
A-DATA DDR4 3200 (2).thp,TH43,DDR4,0x89360600,yes
A-DATA DDR4 3200 (3).thp,TH43,DDR4,0x58360100,yes
A-DATA DDR4 3200 (4).thp,TH43,?,,no
A-DATA DDR4 3200 (5).thp,TH40,?,,no
A-DATA DDR4 3200 (6).thp,TH43,DDR4,0x07550600,yes
A-DATA DDR4 3200.thp,TH43,DDR4,0xD3B50100,yes
A-DATA DDR4 3600 (1).thp,TH43,DDR4,0x29D20000,yes
A-DATA DDR4 3600 (3).thp,TH43,DDR4,0xC8580000,yes
A-DATA DDR4 3600 (4).thp,TH41,DDR4,0x84B30E76,yes
A-DATA DDR4 3600.thp,TH43,DDR4,0xC7D10000,yes
A-DATA Undefined (1).thp,TH43,DDR4,0x87BE0100,yes
A-DATA Undefined (2).thp,TH43,DDR4,0xE20D0000,yes
A-DATA Undefined (3).thp,TH43,DDR4,0x74B00000,yes
A-DATA Undefined.thp,TH43,DDR4,0x39D70300,yes
AMD R5S38G1601U2S.thp,TH20,DDR3,0x00000000,yes
AMD R744G2400U1S.thp,TH43,DDR4,0x00000000,yes
AMD R748G2606U2S.thp,TH43,DDR4,0x6CE50852,yes
AMD R9S432G3206U2K (1).thp,TH41,DDR4,0x74770A76,yes
AMD R9S432G3206U2K.thp,TH43,DDR4,0x00000000,yes
AMD R9S48G3206U2S.thp,TH43,DDR4,0x00000000,yes
Anucell Holding GRPFD120700000004.thp,TH20,DDR3,0x00000000,yes
Apacer 76.A153G.C0W0C.thp,TH20,DDR3,0x02013281,yes
Apacer 76.D305G.D060B.thp,TH43,DDR4,0x15716522,yes
Apacer 78.A1GA0.9K4.thp,TH20,?,,no
Apacer 78.B1GG2.AU00C.thp,TH20,DDR3,0x12419502,yes
Apacer 78.D2GF9.4030B.thp,TH43,DDR4,0x66617422,yes
Apacer D12.15651H.001.thp,TH20,DDR3,0x09423094,yes
Asgard VAM4UX36C18AG-CGURBN.thp,TH43,DDR4,0x00000058,yes
Asgard VMA42UH-MEC1U2AW2.thp,TH43,DDR4,0xD4C16F15,yes
Asgard VMA42UI-MIC1U22T2.thp,TH43,DDR4,0xD4563330,yes
Asgard VMA44UG-MEC1U2AW2.thp,TH43,DDR4,0xD4C17007,yes
Asgard VMA45UG-MEC1U2AV5.thp,TH43,DDR4,0x000001B8,yes
Asgard VMA45UH-MEC1U22T3.thp,TH43,DDR4,0xD41634D8,yes
Asgard VMA45UH-MEC1U2AV5.thp,TH43,DDR4,0xD416320C,yes
Asgard VMA47UG-AMC1U2AV3.thp,TH40,?,,no
Asgard VMA47UG-AMC1U2BV5.thp,TH43,DDR4,0xD4083676,yes
Asgard VMA47UH-AMC2U2BW3.thp,TH43,DDR4,0xD4163652,yes
Asgard VMA47UH-MEC1U2AV5.thp,TH43,DDR4,0x0000008D,yes
Avant J641GU42J2320NN.thp,TH43,DDR4,0x00001907,yes
Avant W642GU42J5213N8.thp,TH43,DDR4,0x00000000,yes
"BIWIN Storage Co.,Ltd BL.9BWWR.300 (1).thp",TH43,DDR4,0x00000000,yes
"BIWIN Storage Co.,Ltd BL.9BWWR.300 (2).thp",TH43,DDR4,0xD0023E3B,yes
"BIWIN Storage Co.,Ltd BL.9BWWR.300 (3).thp",TH43,DDR4,0xEA0122E6,yes
"BIWIN Storage Co.,Ltd BL.9BWWR.300.thp",TH43,DDR4,0x00000000,yes
"BIWIN Storage Co.,Ltd BL.9BWWR.323.thp",TH43,DDR4,0xE70203E0,yes
"BIWIN Storage Co.,Ltd BL.9BWWR.366.thp",TH53,DDR5,0x0002A515,yes
ChangXin Memory Technologies CXMQ3A8MA1GU6-CG1.thp,TH43,DDR4,0xB103FABA,yes
Chun Well Holding Ltd. CL16-18-18 D4-3000.thp,TH42,?,,no
Chun Well Holding Ltd. CL16-18-18 D4-3200.thp,TH43,?,,no
Chun Well Holding Ltd. CL18-20-20 D4-3200.thp,TH43,DDR4,0x00000000,yes
Chun Well Holding Ltd. CL18-22-22 D4-3600.thp,TH43,DDR4,0x00000000,yes
Chun Well Holding Ltd. D4U0836144B.thp,TH43,DDR4,0x00000000,yes
Chun Well Holding Ltd. D4U1636163B.thp,TH43,DDR4,0x00000000,yes
Chun Well Holding Ltd. D4U1640150B.thp,TH43,DDR4,0x00000000,yes
Chun Well Holding Ltd. D4U1640180B.thp,TH43,?,,no
Colorful Ltd. CD16G3200D4NP18.thp,TH43,DDR4,0x4F802C41,yes
Colorful Ltd. CD16G3200D4NZ22.thp,TH41,DDR4,0x133A0B97,yes
Colorful Ltd. CDPC08G2666D4N8.thp,TH43,DDR4,0x20082642,yes
Conexant Undefined.thp,TH20,?,,no
Corsair CM3X2G1600C7.thp,TH20,DDR3,0x00000000,yes
Corsair CM4X16GD3200C16K2E.thp,TH43,DDR4,0x00000000,yes
Corsair CM4X16GD3600C18K2D (1).thp,TH41,DDR4,0x74770A76,yes
Corsair CM4X16GD3600C18K2D.thp,TH43,DDR4,0x00000000,yes
Corsair CM4X16GE2666C16K2.thp,TH43,DDR4,0x00000000,yes
Corsair CM4X16GF3200C16K4.thp,TH41,DDR4,0xA0B66577,yes
Corsair CM4X8GC3200C16K2E-CN.thp,TH43,DDR4,0xC82E08D4,yes
Corsair CM4X8GD3200C16K2E.thp,TH43,DDR4,0x00000000,yes
Corsair CM4X8GE2400C15K4.thp,TH43,DDR4,0x00000000,yes
Corsair CMD16GX3M2A2400C10.thp,TH20,DDR3,0x00000000,yes
Corsair CMD32GX4M2B3000C15.thp,TH43,DDR4,0x00000000,yes
Corsair CMD32GX4M2C3200C16.thp,TH43,DDR4,0x00000000,yes
Corsair CMD32GX4M4B2400C10.thp,TH43,DDR4,0x00000000,yes
Corsair CMG16GX4M2D3600C18.thp,TH41,DDR4,0x74770A76,yes
Corsair CMG16GX4M2E3200C16.thp,TH43,DDR4,0x00000000,yes
Corsair CMG32GX4M2D3600C18.thp,TH41,DDR4,0x74770A76,yes
Corsair CMH16GX4M2D3600C18.thp,TH43,DDR4,0x00000000,yes
Corsair CMH16GX4M2E3200C16.thp,TH43,DDR4,0x00000000,yes
Corsair CMH32GX4M2D3600C18 (1).thp,TH43,DDR4,0x00000000,yes
Corsair CMH32GX4M2D3600C18.thp,TH43,DDR4,0x00000000,yes
Corsair CMH32GX4M2E3200C16.thp,TH43,DDR4,0x00000000,yes
Corsair CMH32GX4M2Z3600C18.thp,TH43,DDR4,0x00000000,yes
Corsair CMH32GX5M2B6400C32.thp,TH53,DDR5,0x00000000,yes
Corsair CMH32GX5M2B6400C36.thp,TH53,DDR5,0x00000000,yes
Corsair CMH32GX5M2D6000C36.thp,TH53,DDR5,0x00000000,yes
Corsair CMH32GX5M2E6000C36.thp,TH53,DDR5,0x00000000,yes
Corsair CMH32GX5M2X7200C34.thp,TH53,DDR5,0x00000000,yes
Corsair CMH64GX5M2B6000Z30.thp,TH53,DDR5,0x00000000,yes
Corsair CMK128GX4M4D3600C18.thp,TH43,DDR4,0x00000000,yes
Corsair CMK16GX4M1A2666C16.thp,TH43,DDR4,0x00000000,yes
Corsair CMK16GX4M2A2400C14 (1).thp,TH43,DDR4,0x00000000,yes
Corsair CMK16GX4M2A2400C14.thp,TH43,DDR4,0x00000000,yes
Corsair CMK16GX4M2A2400C16.thp,TH43,DDR4,0x00000000,yes
Corsair CMK16GX4M2A2666C16 (1).thp,TH43,DDR4,0x00000000,yes
Corsair CMK16GX4M2A2666C16.thp,TH43,?,,no
Corsair CMK16GX4M2B3000C15.thp,TH43,DDR4,0x00000000,yes
Corsair CMK16GX4M2B3200C16 (11).thp,TH41,DDR4,0x74770A76,yes
Corsair CMK16GX4M2B3200C16 (12).thp,TH41,DDR3,0x070071C6,yes
Corsair CMK16GX4M2B3200C16 (5).thp,TH43,DDR4,0x00000000,yes
Corsair CMK16GX4M2B3200C16 (7).thp,TH43,DDR4,0x00000000,yes
Corsair CMK16GX4M2B3200C16 (9).thp,TH43,DDR4,0x00000000,yes
Corsair CMK16GX4M2B3200C16.thp,TH43,DDR4,0x00000000,yes
Corsair CMK16GX4M2B3466C16.thp,TH41,DDR4,0x74770A76,yes
Corsair CMK16GX4M2D3600C16.thp,TH43,DDR4,0x00000000,yes
Corsair CMK16GX4M2D3600C18 (1).thp,TH43,?,,no
Corsair CMK16GX4M2D3600C18 (2).thp,TH43,DDR4,0x00000000,yes
Corsair CMK16GX4M2E3200C16 (1).thp,TH43,DDR4,0x00000000,yes
Corsair CMK16GX4M2E3200C16.thp,TH43,DDR4,0x00000000,yes
Corsair CMK16GX4M2Z2400C16 (1).thp,TH43,DDR4,0x00000000,yes
Corsair CMK16GX4M2Z2400C16.thp,TH43,DDR4,0x00000000,yes
Corsair CMK16GX4M2Z3200C16 (1).thp,TH43,DDR4,0x00000000,yes
Corsair CMK16GX4M2Z3200C16 (2).thp,TH43,DDR4,0x00000000,yes
Corsair CMK16GX4M2Z3200C16.thp,TH43,DDR4,0x00000000,yes
Corsair CMK16GX4M2Z3600C14.thp,TH43,DDR4,0x00000000,yes
Corsair CMK16GX4M4C3000C16.thp,TH43,?,,no
Corsair CMK32GX4M2A2400C16.thp,TH43,DDR4,0x00000000,yes
Corsair CMK32GX4M2B3000C15.thp,TH43,DDR4,0x00000000,yes
Corsair CMK32GX4M2B3200C16 (1).thp,TH43,DDR4,0x00000000,yes
Corsair CMK32GX4M2B3200C16 (2).thp,TH43,?,,no
Corsair CMK32GX4M2B3200C16.thp,TH43,DDR4,0x00000000,yes
Corsair CMK32GX4M2D3000C16.thp,TH43,DDR4,0x00000000,yes
Corsair CMK32GX4M2D3600C16 (2).thp,TH43,DDR4,0x00000000,yes
Corsair CMK32GX4M2D3600C16.thp,TH41,DDR4,0x74770A76,yes
Corsair CMK32GX4M2D3600C18 (3).thp,TH43,?,,no
Corsair CMK32GX4M2D3600C18 (5).thp,TH43,DDR4,0x00000000,yes
Corsair CMK32GX4M2D3600C18 (6).thp,TH43,DDR4,0x00000000,yes
Corsair CMK32GX4M2D3600C18 (7).thp,TH43,DDR4,0x00000000,yes
Corsair CMK32GX4M2D3600C18.thp,TH43,DDR4,0x00000000,yes
Corsair CMK32GX4M2E3200C16 (2).thp,TH43,DDR4,0x00000000,yes
Corsair CMK32GX4M2E3200C16 (4).thp,TH43,?,,no
Corsair CMK32GX4M2E3200C16 (9).thp,TH43,DDR4,0x00000000,yes
Corsair CMK32GX4M2E3200C16.thp,TH43,DDR4,0x00000000,yes
Corsair CMK32GX4M2K4133C19.thp,TH43,DDR4,0x00000000,yes
Corsair CMK32GX4M2Z3600C18 (1).thp,TH43,DDR4,0x00000000,yes
Corsair CMK32GX4M2Z3600C18 (2).thp,TH40,?,,no
Corsair CMK32GX4M2Z3600C18.thp,TH43,DDR4,0x00000000,yes
Corsair CMK32GX4M4A2666C16.thp,TH43,DDR4,0x00000000,yes
Corsair CMK32GX4M4D3600C18 (1).thp,TH43,DDR4,0x00000000,yes
Corsair CMK32GX4M4D3600C18.thp,TH43,DDR4,0x00000000,yes
Corsair CMK32GX4M4Z3200C16.thp,TH43,?,,no
Corsair CMK32GX5M2B5200C38-PK1.thp,TH53,?,,no
Corsair CMK32GX5M2B5600C36.thp,TH53,DDR5,0x00000000,yes
Corsair CMK32GX5M2B5600C40.thp,TH53,?,,no
Corsair CMK32GX5M2B6600C38.thp,TH53,DDR5,0x00000000,yes
Corsair CMK32GX5M2D6000Z36.thp,TH53,DDR5,0x00000000,yes
Corsair CMK4GX4M1A2400C14.thp,TH41,DDR4,0x74770A76,yes
Corsair CMK64GX4M2D3600C18 (1).thp,TH43,DDR4,0x00000000,yes
Corsair CMK64GX4M2D3600C18 (2).thp,TH43,DDR4,0x00000000,yes
Corsair CMK64GX4M2D3600C18.thp,TH43,DDR4,0x00000000,yes
Corsair CMK64GX4M4B3600C18.thp,TH43,DDR4,0x00000000,yes
Corsair CMK64GX4M8A2133C13.thp,TH40,?,,no
Corsair CMK64GX5M2B5600C40.thp,TH53,DDR5,0x00000000,yes
Corsair CMK64GX5M2B6400C32.thp,TH53,DDR5,0x00000000,yes
Corsair CMK64GX5M2B6600C32.thp,TH53,DDR5,0x00000000,yes
Corsair CMK8GX4M1A2400C16.thp,TH41,DDR4,0x74770A76,yes
Corsair CMK8GX4M1Z3200C16.thp,TH43,DDR4,0x00000000,yes
Corsair CMK8GX4M2A2800C16.thp,TH41,DDR4,0x74770A76,yes
Corsair CMK8GX4M2D2400C14.thp,TH43,DDR4,0x00000000,yes
Corsair CMN32GX4M2Z3600C16.thp,TH43,DDR4,0x00000000,yes
Corsair CMN32GX4M2Z3600C18.thp,TH43,?,,no
Corsair CMN32GX4M2Z4600C18.thp,TH43,DDR4,0x00000000,yes
Corsair CMN64GX4M4Z3200C16.thp,TH43,DDR4,0x00000000,yes
Corsair CMP8GX3M2A1600C9.thp,TH20,DDR3,0x00000000,yes
Corsair CMR16GX4M2C3000C15.thp,TH43,DDR4,0x00000000,yes
Corsair CMR16GX4M2C3600C18.thp,TH43,DDR4,0x00000000,yes
Corsair CMSX16GX4M1A2400C16.thp,TH43,DDR4,0x00000000,yes
Corsair CMSX32GX4M1A3200C22.thp,TH43,DDR4,0x00000000,yes
Corsair CMSX32GX4M2A2666C18.thp,TH43,DDR4,0x00000000,yes
Corsair CMSX32GX4M2A3000C16.thp,TH43,DDR4,0x000005EC,yes
Corsair CMT128GX4M4D3600C18 (1).thp,TH43,DDR4,0x00000000,yes
Corsair CMT128GX4M4D3600C18.thp,TH43,DDR4,0x00000000,yes
Corsair CMT16GX4M2C3600C18.thp,TH41,DDR4,0x74770A76,yes
Corsair CMT32GX4M2C3200C16.thp,TH43,DDR4,0x00000000,yes
Corsair CMT32GX4M2C3466C16.thp,TH43,DDR4,0x00000000,yes
Corsair CMT32GX4M2K4000C19.thp,TH43,DDR4,0x00000000,yes
Corsair CMT32GX4M2Z3600C18.thp,TH43,DDR4,0x00000000,yes
Corsair CMT32GX4M2Z4000C18.thp,TH43,DDR4,0x00000000,yes
Corsair CMT32GX5M2X7200C34.thp,TH53,DDR5,0x00000000,yes
Corsair CMT32GX5M2X7600C36.thp,TH53,DDR5,0x00000000,yes
Corsair CMV4GX3M1A1333C9.thp,TH20,DDR3,0x00000000,yes
Corsair CMW128GX4M4D3600C18.thp,TH43,DDR4,0x00000000,yes
Corsair CMW16GX4M2C3000C15 (2).thp,TH43,DDR4,0x00000000,yes
Corsair CMW16GX4M2C3000C15.thp,TH43,DDR4,0x00000000,yes
Corsair CMW16GX4M2C3200C16 (3).thp,TH43,DDR4,0x00000000,yes
Corsair CMW16GX4M2C3600C18.thp,TH43,DDR4,0x00000000,yes
Corsair CMW16GX4M2D3600C18 (1).thp,TH43,DDR4,0x00000000,yes
Corsair CMW16GX4M2D3600C18 (2).thp,TH43,DDR4,0x00000000,yes
Corsair CMW16GX4M2D3600C18.thp,TH43,?,,no
Corsair CMW32GX4M2C3000C15.thp,TH43,?,,no
Corsair CMW32GX4M2D3600C18 (1).thp,TH43,DDR4,0x00000000,yes
Corsair CMW32GX4M2D3600C18 (3).thp,TH43,DDR4,0x00000000,yes
Corsair CMW32GX4M2D3600C18 (4).thp,TH43,?,,no
Corsair CMW32GX4M2D3600C18.thp,TH43,DDR4,0x00000000,yes
Corsair CMW32GX4M2Z3600C 8.thp,TH43,?,,no
Corsair CMW32GX4M2Z3600C14.thp,TH43,DDR4,0x00000000,yes
Corsair CMW32GX4M2Z3600C18 (1).thp,TH43,DDR4,0x00000000,yes
Corsair CMW32GX4M2Z3600C18.thp,TH43,DDR4,0x00000000,yes
Corsair CMW32GX4M4C3200C16.thp,TH43,DDR4,0x00000000,yes
Corsair CMW32GX4M4D3600C16.thp,TH43,DDR4,0x00000000,yes
Corsair CMW64GX4M2D3600C18 (1).thp,TH41,DDR4,0x74770A76,yes
Corsair CMW64GX4M2D3600C18.thp,TH43,DDR4,0x00000000,yes
Corsair CMW64GX4M4D3600C18.thp,TH43,DDR4,0x00000000,yes
Corsair CMWX16GC3600C18W2D.thp,TH43,DDR4,0x00000000,yes
Corsair CMY16GX3M2A2133C11.thp,TH20,DDR3,0x00000000,yes
Corsair CMY16GX3M2A2400C11.thp,TH20,DDR3,0x00000000,yes
Corsair CMZ16GX3M4A2400C10.thp,TH20,DDR3,0x00000000,yes
Corsair CMZ8GX3M2A1600C9.thp,TH20,DDR3,0x00000000,yes
Crucial BL16G30C15U4B.M16FE1.thp,TH43,DDR4,0xE5334218,yes
Crucial BL16G30C15U4B.M8FB1.thp,TH43,DDR4,0xE5E763CA,yes
Crucial BL16G32C16U4B.16FE.thp,TH43,DDR4,0xE6458FC0,yes
Crucial BL16G32C16U4B.M16FE1 (1).thp,TH43,DDR4,0x173DA5AC,yes
Crucial BL16G32C16U4B.M16FE1 (2).thp,TH43,DDR4,0xE71D5444,yes
Crucial BL16G32C16U4B.M16FE1.thp,TH43,DDR4,0xE33AFA87,yes
Crucial BL16G32C16U4BL.M16FE.thp,TH43,DDR4,0xE3A66982,yes
Crucial BL16G32C16U4RL.16FE.thp,TH43,DDR4,0xE5F7D267,yes
Crucial BL16G32C16U4RL.M16FE.thp,TH40,?,,no
Crucial BL16G32C16U4W.M16FE1.thp,TH43,DDR4,0xE6364555,yes
Crucial BL16G32C16U4W.M8FE1.thp,TH43,DDR4,0xE3424E11,yes
Crucial BL16G36C16U4B.M16FE1.thp,TH43,DDR4,0xE5709FAF,yes
Crucial BL16G36C16U4B.M8FE1 (1).thp,TH43,DDR4,0x9A170000,yes
Crucial BL16G36C16U4B.M8FE1.thp,TH43,DDR4,0x4D33A5AC,yes
Crucial BL16G36C16U4R.M8FB1 (1).thp,TH43,DDR4,0xE3CB1F6A,yes
Crucial BL16G36C16U4R.M8FB1.thp,TH43,DDR4,0xE39DB287,yes
Crucial BL16G36C16U4RL.M16FE.thp,TH41,DDR4,0x9277940A,yes
Crucial BL16G36C16U4W.M16FE1.thp,TH43,DDR4,0xE6365411,yes
Crucial BL16G36C16U4W.M8FE1.thp,TH43,DDR4,0x5032A5AC,yes
Crucial BL32G32C16U4R.M16FB1.thp,TH41,DDR4,0x9714403F,yes
Crucial BL32G36C16U4BL.M16FB.thp,TH43,DDR4,0xE3AA3E01,yes
Crucial BL4G24C16U4B.8FE.thp,TH41,DDR4,0x902F53CA,yes
Crucial BL8G32C16S4B.M8FE.thp,TH43,DDR4,0xE3BCF528,yes
Crucial BL8G32C16U4B.8FE.thp,TH43,DDR4,0xE62FE3D8,yes
Crucial BL8G32C16U4B.M8FE1 (1).thp,TH43,DDR4,0xE6508B28,yes
Crucial BL8G32C16U4B.M8FE1.thp,TH43,DDR4,0xE4297D39,yes
Crucial BL8G32C16U4BL.M8FE.thp,TH43,DDR4,0xE3BADD31,yes
Crucial BL8G32C16U4W.M8FE.thp,TH42,?,,no
Crucial BL8G36C16U4B.M8FE1 (1).thp,TH43,DDR4,0xE6367538,yes
Crucial BL8G36C16U4B.M8FE1 (2).thp,TH43,DDR4,0xE5F58C67,yes
Crucial BL8G36C16U4B.M8FE1 (3).thp,TH42,?,,no
Crucial BL8G36C16U4B.M8FE1 (4).thp,TH43,DDR4,0xE38E4C9A,yes
Crucial BL8G36C16U4B.M8FE1.thp,TH43,DDR4,0xE3602A34,yes
Crucial BL8G36C16U4BL.M8FE1.thp,TH43,DDR4,0xE6442D94,yes
Crucial BL8G36C16U4W.M8FE1 (1).thp,TH43,DDR4,0xE6365201,yes
Crucial BL8G36C16U4W.M8FE1.thp,TH43,DDR4,0xE50D1B34,yes
Crucial BL8G36C16U4WL.M8FE1.thp,TH43,DDR4,0xE3A1D618,yes
Crucial BLS16G4D30AESE.M16FE.thp,TH40,?,,no
Crucial BLS16G4D32AESB.M16FE.thp,TH43,DDR4,0xE3008759,yes
Crucial BLS16G4D32AEST.M16FE.thp,TH43,DDR4,0xE2EB12EF,yes
Crucial BLS8G3D1609DS1S00. (1).thp,TH20,DDR3,0xDECEC2EE,yes
Crucial BLS8G3D1609DS1S00..thp,TH20,DDR3,0x669300F9,yes
Crucial BLS8G4D240FSB.16FARG.thp,TH43,DDR4,0xA80D31D2,yes
Crucial BLS8G4D30AESBK.M8FE.thp,TH40,?,,no
Crucial BLS8G4D30AESCK.M8FE (1).thp,TH40,?,,no
Crucial BLS8G4D30AESCK.M8FE.thp,TH41,DDR4,0x96924398,yes
Crucial CB8GU2666.C8PT.thp,TH43,DDR4,0xE5F3DF91,yes
Crucial CP16G60C36U5B.M8D1.thp,TH53,DDR5,0xE85D8E31,yes
Crucial CP24G60C48U5.M8BR (1).thp,TH53,DDR5,0xE825562F,yes
Crucial CP24G60C48U5.M8BR.thp,TH53,DDR5,0xE9053235,yes
Crucial CP32G4DFRA32A.M16FF.thp,TH43,DDR4,0xE827C782,yes
Crucial CT102464BA160B.C16.thp,TH20,DDR3,0x86320AB7,yes
Crucial CT16G48C40U5.C8A1.thp,TH53,DDR5,0xE9099B06,yes
Crucial CT16G4DFRA266.C8FE.thp,TH43,DDR4,0xE380092B,yes
Crucial CT16G4DFRA32A.C8FF.thp,TH43,DDR4,0xE7EC4613,yes
Crucial CT16G4DFRA32A.M16FE.thp,TH43,DDR4,0xE81F65B1,yes
Crucial CT16G4DFRA32A.M16FR.thp,TH43,DDR4,0xE813E506,yes
Crucial CT16G4SFD8266.M16FE.thp,TH43,DDR4,0xE25346C3,yes
Crucial CT16G4SFRA32A.C16FR.thp,TH41,DDR4,0x93786FD8,yes
Crucial CT16G4SFRA32A.M16FR.thp,TH43,DDR4,0xE7D48251,yes
Crucial CT16G4SFS8320.C8FD1.thp,TH43,DDR4,0x2149126C,yes
Crucial CT16G4SFS832A.M8FB.thp,TH43,DDR4,0xE63C2D97,yes
Crucial CT16G52C42U5.M8G1.thp,TH53,DDR5,0xE75D9BCA,yes
Crucial CT16G56C46S5.M8D1.thp,TH53,DDR5,0xE90A6701,yes
Crucial CT32G4DFD832A.C16FF.thp,TH43,DDR4,0xE672D24F,yes
Crucial CT32G4DFD832A.M16FF.thp,TH40,?,,no
Crucial CT32G4SFD832A.C16FF (1).thp,TH41,DDR4,0x92F427EB,yes
Crucial CT32G4SFD832A.C16FF (4).thp,TH43,DDR4,0xE68AF4F5,yes
Crucial CT32G4SFD832A.C16FF.thp,TH43,DDR4,0xE6832D9D,yes
Crucial CT32G4SFD832A.M16FE.thp,TH43,DDR4,0xE8FC3F5B,yes
Crucial CT32G4SFD832A.M16FF.thp,TH43,DDR4,0xE919AA91,yes
Crucial CT48G56C46S5.M16B1.thp,TH53,DDR5,0xE8E12515,yes
Crucial CT4G4DFS8266.C8FG.thp,TH40,?,,no
Crucial CT51264BD160B.C16F.thp,TH20,DDR3,0x181E8019,yes
Crucial CT8G48C40S5.M4A1.thp,TH53,DDR5,0xE8E0796B,yes
Crucial CT8G4DFRA266.C8FE.thp,TH43,DDR4,0x2DC26437,yes
Crucial CT8G4DFRA32A.C8FR.thp,TH40,?,,no
Crucial CT8G4DFRA32A.M4FE.thp,TH43,DDR4,0xE7F790F3,yes
Crucial CT8G4DFRA32A.M8FR (1).thp,TH43,DDR4,0xE809F2EB,yes
Crucial CT8G4DFRA32A.M8FR.thp,TH43,DDR4,0xE8045459,yes
Crucial CT8G4DFS832A.C8FJ.thp,TH43,DDR4,0xE35C94BB,yes
Crucial CT8G4SFS8320.C8FD1.thp,TH43,DDR4,0x21010000,yes
Crucial CT8G4SFS832A.C8FR.thp,TH43,DDR4,0xE7F26338,yes
Crucial CT8G4SFS832A.M8FR.thp,TH43,DDR4,0xE7F44647,yes
Cuso VCM4UX32C18AG-DYXXD.thp,TH43,DDR4,0x000003A8,yes
EXCELERAM EKPRO4324018CD.thp,TH43,DDR4,0xEBDA9361,yes
Essencore KD48GU880-32A160U.thp,TH43,DDR4,0x26812225,yes
Essencore KD48GU880-36A180B.thp,TH43,DDR4,0x7B711C22,yes
Essencore KD48GU880-36A180U.thp,TH43,DDR4,0x441B0312,yes
Essencore KD48GU88C-26N1900.thp,TH43,DDR4,0x040C112A,yes
Essencore KD48GU88C-26N190A.thp,TH43,DDR4,0x58403737,yes
Essencore KD48GUA60-36A180U.thp,TH40,?,,no
Essencore KD4AGSA80-32N220A.thp,TH43,DDR4,0x30480E1B,yes
Essencore KD4AGU880-32A160X.thp,TH43,DDR4,0x4AAC3437,yes
Essencore KD5AGUA80-60A300H.thp,TH53,DDR5,0xBB06395C,yes
Essencore KD5AGUA80-68A340H (2).thp,TH53,DDR5,0xC45914D9,yes
Essencore KD5AGUA80-68A340H.thp,TH53,DDR5,0xE35914D7,yes
Essencore KD5AGUA80-72B340G.thp,TH53,DDR5,0xDA261416,yes
Essencore KD5AGUA80-76B360G.thp,TH53,DDR5,0xD95C2706,yes
Essencore KD5AGUA80-80D380G.thp,TH53,DDR5,0x78041C32,yes
Fujitsu AX4U360016G18I-DT4.thp,TH20,?,,no
Fujitsu F4-4000C19-16GTZR.thp,TH20,?,,no
G.Skill F3-12800CL7-2GBECO.thp,TH20,DDR3,0x00000000,yes
G.Skill F3-12800CL9-4GBZL.thp,TH20,DDR3,0x00000000,yes
G.Skill F3-16000CL7-2GBPS.thp,TH20,DDR3,0x00000000,yes
G.Skill F3-1600C11-8GIS.thp,TH20,DDR3,0x00000000,yes
G.Skill F3-1600C11-8GNT.thp,TH20,DDR3,0x00000000,yes
G.Skill F3-17600CL8-2GBPS.thp,TH20,DDR3,0x00000000,yes
G.Skill F3-1866C11-8GRSL.thp,TH20,DDR3,0x00000000,yes
G.Skill F3-2133C9-8GZH.thp,TH20,DDR3,0x00000000,yes
G.Skill F3-2400C10-4GTX.thp,TH20,DDR3,0x00000000,yes
G.Skill F3-2400C11-8GSR.thp,TH20,DDR3,0x00000000,yes
G.Skill F4 3600C16-16GTZRC.thp,TH41,DDR3,0x070071C6,yes
G.Skill F4-2400C15-16GIS.thp,TH43,DDR4,0x00000000,yes
G.Skill F4-2400C15-4GIS.thp,TH43,DDR4,0x00000000,yes
G.Skill F4-2400C15-8GNS.thp,TH43,DDR4,0x00000000,yes
G.Skill F4-2400C17-4GNT.thp,TH43,DDR4,0x00000000,yes
G.Skill F4-2666C18-8GTZN.thp,TH41,DDR4,0x74770A76,yes
G.Skill F4-2666C19-8GVK.thp,TH43,DDR4,0x00000000,yes
G.Skill F4-2800C18-16GRS.thp,TH41,DDR4,0x74770A76,yes
G.Skill F4-3000C 6-8GTZR.thp,TH43,?,,no
G.Skill F4-3000C14-8GVK.thp,TH43,DDR4,0x00000000,yes
G.Skill F4-3000C15-8GTZ.thp,TH41,DDR4,0x74770A76,yes
G.Skill F4-3000C16 8GTZR.thp,TH43,?,,no
G.Skill F4-3000C16-8GTZR (2).thp,TH43,?,,no
G.Skill F4-3000C16-8GTZR.thp,TH43,?,,no
G.Skill F4-3200C14-16GTZ.thp,TH43,DDR4,0x00000000,yes
G.Skill F4-3200C14-16GTZR (1).thp,TH40,?,,no
G.Skill F4-3200C14-16GTZR.thp,TH43,DDR4,0x00000000,yes
G.Skill F4-3200C14-16GTZSK.thp,TH43,?,,no
G.Skill F4-3200C14-16GTZSW (2).thp,TH42,?,,no
G.Skill F4-3200C14-16GVK (3).thp,TH43,DDR4,0x00000000,yes
G.Skill F4-3200C14-16GVK.thp,TH43,DDR4,0x00000000,yes
G.Skill F4-3200C14-32GVK.thp,TH43,DDR4,0x00000000,yes
G.Skill F4-3200C14-8GAK.thp,TH43,?,,no
G.Skill F4-3200C14-8GFX (7).thp,TH43,?,,no
G.Skill F4-3200C14-8GFX.thp,TH43,DDR4,0x00000000,yes
G.Skill F4-3200C14-8GTZ.thp,TH43,DDR4,0x00000000,yes
G.Skill F4-3200C14-8GTZKW.thp,TH43,DDR4,0x00000000,yes
G.Skill F4-3200C14-8GTZRX.thp,TH43,DDR4,0x00000000,yes
G.Skill F4-3200C14-8GVK.thp,TH43,DDR4,0x00000000,yes
G.Skill F4-3200C16-16GFX (1).thp,TH43,DDR4,0x00000000,yes
G.Skill F4-3200C16-16GFX.thp,TH43,DDR4,0x00000000,yes
G.Skill F4-3200C16-16GIS (3).thp,TH41,DDR4,0x74770A76,yes
G.Skill F4-3200C16-16GIS (4).thp,TH43,DDR4,0x00000000,yes
G.Skill F4-3200C16-16GIS.thp,TH43,DDR4,0x00000000,yes
G.Skill F4-3200C16-16GTZ.thp,TH43,DDR4,0x00000000,yes
G.Skill F4-3200C16-16GTZN (1).thp,TH43,DDR4,0x00000000,yes
G.Skill F4-3200C16-16GTZN.thp,TH43,DDR4,0x00000000,yes
G.Skill F4-3200C16-16GTZR (1).thp,TH43,DDR4,0x00000000,yes
G.Skill F4-3200C16-16GTZR (2).thp,TH41,DDR4,0x74770A76,yes
G.Skill F4-3200C16-16GTZR.thp,TH43,DDR4,0x00000000,yes
G.Skill F4-3200C16-16GTZSW (1).thp,TH42,?,,no
G.Skill F4-3200C16-16GTZSW (2).thp,TH42,?,,no
G.Skill F4-3200C16-16GTZSW.thp,TH41,DDR3,0x07009604,yes
G.Skill F4-3200C16-16GVK (1).thp,TH43,DDR4,0x00000000,yes
G.Skill F4-3200C16-16GVK.thp,TH43,DDR4,0x00000000,yes
G.Skill F4-3200C16-8GFX.thp,TH43,DDR4,0x00000000,yes
G.Skill F4-3200C16-8GIS (1).thp,TH43,DDR4,0x00000000,yes
G.Skill F4-3200C16-8GIS (2).thp,TH43,DDR4,0x00000000,yes
G.Skill F4-3200C16-8GIS.thp,TH43,?,,no
G.Skill F4-3200C16-8GTRG (1).thp,TH41,DDR4,0x74770A76,yes
G.Skill F4-3200C16-8GTRG.thp,TH42,?,,no
G.Skill F4-3200C16-8GTZN.thp,TH43,DDR4,0x00000000,yes
G.Skill F4-3200C16-8GTZR.thp,TH43,DDR4,0x00000000,yes
G.Skill F4-3200C16-8GTZSK.thp,TH43,DDR4,0x00000000,yes
G.Skill F4-3200C16-8GTZSW (7).thp,TH41,DDR3,0x070096C6,yes
G.Skill F4-3200C16-8GTZSW.thp,TH43,?,,no
G.Skill F4-3200C16-8GVGB.thp,TH43,DDR4,0x00000000,yes
G.Skill F4-3200C16-8GVKB (2).thp,TH40,?,,no
G.Skill F4-3200C16-8GVKB (5).thp,TH43,DDR4,0x00000000,yes
G.Skill F4-3200C16-8GVKB.thp,TH43,DDR4,0x00000000,yes
G.Skill F4-3200C22-16GRS (1).thp,TH43,DDR4,0x09131090,yes
G.Skill F4-3200C22-16GRS.thp,TH43,DDR4,0x05055070,yes
G.Skill F4-3600C14-16GTZN.thp,TH43,DDR4,0x00000000,yes
G.Skill F4-3600C14-16GTZNA.thp,TH43,DDR4,0x00000000,yes
G.Skill F4-3600C14-16GTZR.thp,TH43,DDR4,0x00000000,yes
G.Skill F4-3600C14-16GTZRA.thp,TH43,DDR4,0x00000000,yes
G.Skill F4-3600C14-16GVK.thp,TH43,DDR4,0x00000000,yes
G.Skill F4-3600C14-16GVKA.thp,TH43,DDR4,0x00000000,yes
G.Skill F4-3600C14-8GTZNA.thp,TH43,DDR4,0x00000000,yes
G.Skill F4-3600C14-8GVKA.thp,TH43,DDR4,0x00000000,yes
G.Skill F4-3600C15-8GTZ.thp,TH43,DDR4,0x00000000,yes
G.Skill F4-3600C16 16GTRSC.thp,TH43,DDR4,0x00000000,yes
G.Skill F4-3600C16-16GTRSC (1).thp,TH43,DDR4,0x00000000,yes
G.Skill F4-3600C16-16GTRSC.thp,TH43,DDR4,0x00000000,yes
G.Skill F4-3600C16-16GTZN (3).thp,TH40,?,,no
G.Skill F4-3600C16-16GTZN.thp,TH43,DDR4,0x00000000,yes
G.Skill F4-3600C16-16GTZNC (1).thp,TH43,DDR4,0x00000000,yes
G.Skill F4-3600C16-16GTZNC (3).thp,TH41,DDR3,0x070071C6,yes
G.Skill F4-3600C16-16GTZNC (7).thp,TH43,?,,no
G.Skill F4-3600C16-16GTZNC.thp,TH43,DDR4,0x00000000,yes
G.Skill F4-3600C16-16GTZR.thp,TH43,DDR4,0x00000000,yes
G.Skill F4-3600C16-16GVKC.thp,TH43,DDR4,0x00000000,yes
G.Skill F4-3600C16-8GTZN.thp,TH43,DDR4,0x00000000,yes
G.Skill F4-3600C16-8GTZNC (2).thp,TH43,DDR4,0x00000000,yes
G.Skill F4-3600C16-8GTZNC.thp,TH43,DDR4,0x00000000,yes
G.Skill F4-3600C16-8GVK.thp,TH43,?,,no
G.Skill F4-3600C17-16GTZ.thp,TH43,DDR4,0x00000000,yes
G.Skill F4-3600C17-16GTZR (3).thp,TH43,DDR4,0x00000000,yes
G.Skill F4-3600C17-16GTZR (4).thp,TH43,DDR4,0x00000000,yes
G.Skill F4-3600C17-16GTZR.thp,TH43,DDR4,0x00000000,yes
G.Skill F4-3600C17-16GTZSW (1).thp,TH41,DDR4,0x667718F0,yes
G.Skill F4-3600C17-16GTZSW.thp,TH41,DDR4,0x667718FE,yes
G.Skill F4-3600C17-8GTZ.thp,TH43,DDR4,0x00000000,yes
G.Skill F4-3600C17-8GTZR.thp,TH43,DDR4,0x00000000,yes
G.Skill F4-3600C18-16GTRS.thp,TH43,?,,no
G.Skill F4-3600C18-16GTZN.thp,TH43,DDR4,0x00000000,yes
G.Skill F4-3600C18-16GTZR (1).thp,TH43,?,,no
G.Skill F4-3600C18-16GTZR (2).thp,TH40,?,,no
G.Skill F4-3600C18-16GTZR.thp,TH43,DDR4,0x00000000,yes
G.Skill F4-3600C18-16GVK (1).thp,TH43,DDR4,0x00000000,yes
G.Skill F4-3600C18-16GVK (4).thp,TH43,DDR4,0x00000000,yes
G.Skill F4-3600C18-16GVK (5).thp,TH43,DDR4,0x00000000,yes
G.Skill F4-3600C18-16GVK (6).thp,TH43,?,,no
G.Skill F4-3600C18-16GVK (8).thp,TH43,DDR4,0x00000000,yes
G.Skill F4-3600C18-16GVK.thp,TH43,?,,no
G.Skill F4-3600C18-32GVK.thp,TH43,DDR4,0x00000000,yes
G.Skill F4-3600C18-8GTZN.thp,TH43,DDR4,0x00000000,yes
G.Skill F4-3600C18-8GTZRX.thp,TH43,DDR4,0x00000000,yes
G.Skill F4-3600C19-16GSXWB.thp,TH43,DDR4,0x00000000,yes
G.Skill F4-3600C19-8GTZRB.thp,TH43,DDR4,0x00000000,yes
G.Skill F4-3600C19-8GVRB.thp,TH43,DDR4,0x00000000,yes
G.Skill F4-3800C14-16GTZN.thp,TH43,DDR4,0x00000000,yes
G.Skill F4-4000C14-8GTES.thp,TH43,DDR4,0x00000000,yes
G.Skill F4-4000C15-8GVK.thp,TH43,DDR4,0x00000000,yes
G.Skill F4-4000C16-16GTZNA.thp,TH43,DDR4,0x00000000,yes
G.Skill F4-4000C16-16GTZRA.thp,TH43,DDR4,0x00000000,yes
G.Skill F4-4000C16-8GTRSA.thp,TH43,DDR4,0x00000000,yes
G.Skill F4-4000C17-8GTZR.thp,TH43,DDR4,0x00000000,yes
G.Skill F4-4000C18-16GTRS (1).thp,TH41,DDR4,0x74770A76,yes
G.Skill F4-4000C18-16GTRS (2).thp,TH43,?,,no
G.Skill F4-4000C18-16GTRS (3).thp,TH43,DDR4,0x00000000,yes
G.Skill F4-4000C18-16GTRS.thp,TH43,DDR4,0x00000000,yes
G.Skill F4-4000C18-16GTZN.thp,TH43,DDR4,0x00000000,yes
G.Skill F4-4000C18-16GVK (1).thp,TH40,?,,no
G.Skill F4-4000C18-16GVK.thp,TH43,DDR4,0x00000000,yes
G.Skill F4-4000C18-32GTZR.thp,TH43,DDR4,0x00000000,yes
G.Skill F4-4000C18-8GVK (2).thp,TH40,?,,no
G.Skill F4-4000C18-8GVK.thp,TH43,DDR4,0x00000000,yes
G.Skill F4-4000C19-16GTRS.thp,TH43,?,,no
G.Skill F4-4000C19-16GTZSW.thp,TH43,DDR4,0x00000000,yes
G.Skill F4-4266C16-16GTZR.thp,TH43,DDR4,0x00000000,yes
G.Skill F4-4400C19-16GTZR (1).thp,TH43,DDR4,0x00000000,yes
G.Skill F4-4400C19-16GTZR.thp,TH41,DDR3,0x07009604,yes
G.Skill F4-4400C19-16GVK.thp,TH43,DDR4,0x00000000,yes
G.Skill F4-4800C19-8GVKC.thp,TH43,DDR4,0x00000000,yes
G.Skill F4-5066C20-8GTZR.thp,TH43,DDR4,0x00000000,yes
G.Skill F5-5200J3636C16G.thp,TH53,DDR5,0xE85F50F8,yes
G.Skill F5-6000J3038F16G (1).thp,TH53,DDR5,0xFB5C7EF8,yes
G.Skill F5-6000J3038F16G (2).thp,TH53,DDR5,0x475DCCFA,yes
G.Skill F5-6000J3038F16G.thp,TH53,DDR5,0x00000000,yes
G.Skill F5-6000J3040F16G (1).thp,TH53,DDR5,0x205EEFF2,yes
G.Skill F5-6000J3040F16G.thp,TH53,DDR5,0x055D5FF0,yes
G.Skill F5-6000J3040G32G.thp,TH53,DDR5,0xFE5BEDF5,yes
G.Skill F5-6000J3238F16G.thp,TH53,DDR5,0xFD539AF6,yes
G.Skill F5-6000J3238G32G.thp,TH53,DDR5,0x685AFAFE,yes
G.Skill F5-6000J3636F16G (1).thp,TH53,DDR5,0x44534BFB,yes
G.Skill F5-6000J3636F16G (2).thp,TH53,DDR5,0xCA5A7BFB,yes
G.Skill F5-6000J3636F16G.thp,TH53,?,,no
G.Skill F5-6400J3239G16G (2).thp,TH53,DDR5,0x2E586DFB,yes
G.Skill F5-6400J3239G16G (3).thp,TH53,DDR5,0x915A7DF1,yes
G.Skill F5-6400J3239G16G (4).thp,TH53,DDR5,0xE95DC5F0,yes
G.Skill F5-6400J3239G16G (5).thp,TH53,DDR5,0x00000000,yes
G.Skill F5-6400J3239G16G.thp,TH53,DDR5,0x9B512BF0,yes
G.Skill F5-6400J3239G32G (1).thp,TH53,DDR5,0xE15B47F3,yes
G.Skill F5-6400J3239G32G.thp,TH53,DDR5,0xDA5B02FE,yes
G.Skill F5-7200J3445G16G (1).thp,TH53,DDR5,0x0A5C29F0,yes
G.Skill F5-7200J3445G16G (2).thp,TH53,DDR5,0xD757A9F7,yes
G.Skill F5-7200J3445G16G.thp,TH53,DDR5,0x6A539DF2,yes
G.Skill F5-8000J3848H16G.thp,TH53,DDR5,0xFA510EFA,yes
G.Skill Undefined.thp,TH41,DDR4,0x74770A76,yes
Galaxy Microsystems D4U0832163B.thp,TH43,DDR4,0x00000000,yes
Galaxy Microsystems Undefined (1).thp,TH40,?,,no
Galaxy Microsystems Undefined.thp,TH43,DDR4,0x0000004C,yes
GeIL CL11-11-11 D3-1600.thp,TH20,DDR3,0x00000342,yes
GeIL CL11-11-11 D3-1866.thp,TH20,DDR3,0x00000009,yes
GeIL CL16-18-18 D4-3000 (1).thp,TH43,DDR4,0x00000000,yes
GeIL CL16-18-18 D4-3000.thp,TH43,?,,no
GeIL CL16-20-20 D4-3200 (2).thp,TH40,?,,no
GeIL CL16-20-20 D4-3200.thp,TH41,DDR4,0x74770A76,yes
GeIL CL18-22-22 D4-3600.thp,TH43,DDR4,0x00000000,yes
GeIL CL19-19-19 D4-2666 (2).thp,TH43,DDR4,0x00000000,yes
GeIL CL19-19-19 D4-2666.thp,TH43,DDR4,0x00000000,yes
GeIL CL5-5-5  DDR2-1066.thp,TH20,?,,no
GeIL CL5-5-5DDR21066 5.thp,TH20,?,,no
GeIL CL9-9-9 DDR3-1333.thp,TH20,DDR3,0x00000000,yes
GeIL CL9-9-9 DDR3-1600.thp,TH20,DDR3,0x0000025F,yes
Gloway International Co Ltd STK4U2666D19161C.thp,TH43,DDR4,0xD42617A9,yes
Gloway International Co Ltd TAC4U3200E16162C.thp,TH43,DDR4,0xD4321601,yes
Gloway International Co Ltd TAC4U3200E18082C (1).thp,TH41,DDR4,0xA07F3E73,yes
Gloway International Co Ltd TAC4U3200E18082C.thp,TH43,DDR4,0xD4163293,yes
Gloway International Co Ltd TAC4U3200E18161C.thp,TH43,DDR4,0xD432165B,yes
Gloway International Co Ltd TAC4U3200E18162C.thp,TH43,DDR4,0x10003112,yes
Gloway International Co Ltd TAC4U3200E18321C.thp,TH43,DDR4,0xD4323238,yes
Gloway International Co Ltd VGM5UH64C32AG-DTACW.thp,TH53,DDR5,0x1000018E,yes
Gloway International Co Ltd WAR3S1600E11081C.thp,TH20,DDR3,0xF9517841,yes
Gloway International Co Ltd WAR3U1600C11081C.thp,TH20,DDR3,0xCD2F3154,yes
Gloway International Co Ltd WAR4S3200D22161C.thp,TH43,DDR4,0x01583001,yes
GoldKey GKE320UD204808-2666.thp,TH43,DDR4,0xD4322664,yes
GoldKey NMGD480E82-3600D.thp,TH41,DDR4,0x74770A77,yes
GoldKey NMSO416E82-3200E.thp,TH41,DDR4,0x74770E04,yes
GoldKey NMSO416F89-2400E.thp,TH41,DDR4,0x74770A74,yes
GoldKey NMSO432F89-2400E.thp,TH41,DDR4,0x74770A70,yes
GoldKey NMSO480E82-2400E.thp,TH41,DDR4,0x74770A73,yes
GoldKey NMSO480E82-2666E.thp,TH41,DDR4,0x74770A1E,yes
GoldKey NMSO480E82-3200E.thp,TH41,DDR4,0x7C7F027E,yes
GoldKey NMUD416E82-3200E.thp,TH41,DDR4,0x74770850,yes
GoldKey NMUD480E82-3200E.thp,TH41,DDR4,0x74770925,yes
Goldenmars GMB40056UDX8211160.thp,TH20,DDR3,0x1E167812,yes
Hangzhou Hikstorage Co. HKED4162CAB1G4HB1.thp,TH43,DDR4,0x11505009,yes
Heoriady 9905403-02X.A00LF.thp,TH20,DDR3,0x03985621,yes
Hewlett-Packard 7TE41AA#.thp,TH40,?,,no
Hewlett-Packard 7TE46AA#.thp,TH40,?,,no
Hynix 00 (1).thp,TH41,DDR4,0xEDEE93EF,yes
Hynix 00.thp,TH43,DDR4,0x99999999,yes
Hynix HMA41GR7MFR8N-TFTD.thp,TH43,DDR4,0x1026A275,yes
Hynix HMA41GS6AFR8N-TF.thp,TH43,DDR4,0x28EAB1D3,yes
Hynix HMA41GU7AFR8N-TF.thp,TH43,DDR4,0x71AF5B4B,yes
Hynix HMA42GR7MFR4N-TF.thp,TH41,DDR4,0x64FAF785,yes
Hynix HMA451R7AFR8N-TF.thp,TH40,?,,no
Hynix HMA451R7MFR8N-TF.thp,TH40,?,,no
Hynix HMA81GR7CJR8N-WM.thp,TH43,DDR4,0x9340D007,yes
Hynix HMA81GS6AFR8N-UH (1).thp,TH43,DDR4,0x2D88404C,yes
Hynix HMA81GS6AFR8N-UH (2).thp,TH43,DDR4,0x2A05DAF8,yes
Hynix HMA81GS6AFR8N-UH.thp,TH43,DDR4,0x91ECAAB6,yes
Hynix HMA81GS6CJR8N-VK (1).thp,TH43,DDR4,0x32FC5BE1,yes
Hynix HMA81GS6CJR8N-VK (2).thp,TH43,DDR4,0x32E82A5E,yes
Hynix HMA81GS6CJR8N-VK.thp,TH43,DDR4,0x337A2ABE,yes
Hynix HMA81GS6JJR8N-VK.thp,TH43,DDR4,0x2F24AC4C,yes
Hynix HMA81GU6DJR8N-WM.thp,TH43,DDR4,0x22B0B4C1,yes
Hynix HMA81GU6DJR8N-XN.thp,TH43,DDR4,0x765FDB83,yes
Hynix HMA81GU6JJR8N-VK.thp,TH43,DDR4,0x2EE0F90E,yes
Hynix HMA82GS6JJR8N-VK.thp,TH43,DDR4,0x2F7A0DC1,yes
Hynix HMA82GU6JJR8N-VK.thp,TH43,DDR4,0x4336F820,yes
Hynix HMA82GU7CJR8N-VK.thp,TH43,DDR4,0x72BD40C0,yes
Hynix HMA851U6AFR6N-UH.thp,TH43,DDR4,0x2B5794D2,yes
Hynix HMAA2GS6CJR8N-XN (1).thp,TH41,DDR4,0x531430D0,yes
Hynix HMAA2GS6CJR8N-XN.thp,TH43,DDR4,0x53D46001,yes
Hynix HMAA2GU6CJR8N-XN.thp,TH43,DDR4,0x75A1C678,yes
Hynix HMAA4GS6CJR8N-XN.thp,TH43,DDR4,0x85681C5C,yes
Hynix HMAG68EXNSA051N.thp,TH43,DDR4,0x293677C4,yes
Hynix HMCG78AGBSA092N.thp,TH53,DDR5,0x9759F7C7,yes
Hynix HMCG88AEBUA081N.thp,TH53,DDR5,0x55393FB0,yes
Hynix HMCG88AEBUA092N.thp,TH53,DDR5,0x47725BD6,yes
Hynix HMT112U7BFR8C-H9.thp,TH20,DDR3,0x042243D0,yes
Hynix HMT351S6CFR8C-PB (1).thp,TH20,DDR3,0x0A679EF4,yes
Hynix HMT351S6CFR8C-PB (2).thp,TH20,DDR3,0x09413121,yes
Hynix HMT351S6CFR8C-PB.thp,TH20,DDR3,0x10622154,yes
Hynix HMT451S6AFR8A-PB.thp,TH20,DDR3,0x1318D7F3,yes
Hynix HMT451S6BFR8A-PB.thp,TH20,DDR3,0x127DD40C,yes
Hynix HMT451U6AFR8A-PB.thp,TH20,DDR3,0x2E621522,yes
Hynix HMT451U6BFR8A-PB.thp,TH20,DDR3,0x2D1C61AE,yes
Hynix HYMP125U64CP8-S6.thp,TH20,?,,no
Hynix Undefined.thp,TH41,DDR4,0x75261285,yes
I.T.T BL.9BWWR.300.thp,TH20,?,,no
J&A Information Inc Undefined.thp,TH43,DDR4,0x00000000,yes
JUHOR JHD3200U1616JG.thp,TH43,DDR4,0xD906C3F3,yes
JUHOR JHD3200U1816JG.thp,TH43,DDR4,0x9306C7A8,yes
JUHOR JHD3200U1832JG.thp,TH43,DDR4,0x8317F6F9,yes
JUHOR JHD3600U1616JG.thp,TH43,DDR4,0x0200C9A9,yes
JUHOR JHD3600U1816JG (1).thp,TH43,DDR4,0x9F200254,yes
JUHOR JHD3600U1816JG (2).thp,TH40,?,,no
JUHOR JHD3600U1816JG.thp,TH43,DDR4,0x9306C4C8,yes
JUHOR JHD4000U1916JG.thp,TH43,DDR4,0x220DCD75,yes
JUHOR JHE5600U4616JG.thp,TH53,?,,no
Jazer JAD2666U1916.thp,TH43,DDR4,0xB70BB6B1,yes
Jazer JAD3200U1808.thp,TH41,DDR4,0x22710D1F,yes
Jazer JAE6000U4008.thp,TH53,DDR5,0x965E46B9,yes
KINGBOX EBJ41UF8BCF0-DJ-F.thp,TH20,DDR3,0x00000000,yes
KINGBOX KINGBOX-1600-DJ-F.thp,TH20,DDR3,0x00000000,yes
KingSpec KS3200D4N12016G.thp,TH43,DDR4,0x000000A5,yes
Kingbank Undefined (1).thp,TH43,?,,no
Kingbank Undefined (10).thp,TH43,DDR4,0x10281028,yes
Kingbank Undefined (11).thp,TH43,DDR4,0x11021221,yes
Kingbank Undefined (12).thp,TH43,?,,no
Kingbank Undefined (13).thp,TH53,DDR5,0x12251226,yes
Kingbank Undefined (14).thp,TH41,DDR4,0x756E0E6A,yes
Kingbank Undefined (15).thp,TH53,DDR5,0x06268C53,yes
Kingbank Undefined (16).thp,TH43,DDR4,0x01160139,yes
Kingbank Undefined (2).thp,TH43,DDR4,0x11021166,yes
Kingbank Undefined (3).thp,TH53,DDR5,0x04190419,yes
Kingbank Undefined (4).thp,TH43,DDR4,0x0518053B,yes
Kingbank Undefined (5).thp,TH43,DDR4,0x092809D1,yes
Kingbank Undefined (6).thp,TH43,DDR4,0x0512057A,yes
Kingbank Undefined (7).thp,TH43,?,,no
Kingbank Undefined (8).thp,TH43,?,,no
Kingbank Undefined (9).thp,TH43,DDR4,0x1208133F,yes
Kingbank Undefined.thp,TH43,DDR4,0x10161128,yes
Kingmax FLFF65F-D8KQ9.thp,TH20,DDR3,0x00000000,yes
Kingmax GLOH23F-18----------.thp,TH41,DDR4,0x74770A76,yes
Kingmax GLOI83F-28----------.thp,TH41,DDR4,0x74770A76,yes
Kingston 9905403-181.A00LF.thp,TH20,DDR3,0x50219818,yes
Kingston 9905403-559A00LF.thp,TH20,DDR3,0xD8666747,yes
Kingston 9905471-064.A00LF.thp,TH20,DDR3,0x8F2CA3C7,yes
Kingston 9905622-058.A00G.thp,TH41,DDR4,0x714B9E0B,yes
Kingston 9905665-023.A00G.thp,TH43,DDR4,0x122AE433,yes
Kingston 9905678-014.A00G.thp,TH43,DDR4,0xCD2806CC,yes
Kingston 9905700-072.A01G (1).thp,TH41,DDR4,0xCCE564F2,yes
Kingston 9905700-072.A01G.thp,TH43,DDR4,0xAB5CC1D0,yes
Kingston 9905700-097.A00G.thp,TH43,DDR4,0x348A0426,yes
Kingston 9905700-101.A00G.thp,TH43,DDR4,0x0B2707DC,yes
Kingston 9905702-136.A00G.thp,TH43,DDR4,0x9424A7A3,yes
Kingston 9905711-038.A00G.thp,TH43,DDR4,0x0AE6A3BA,yes
Kingston 9905734-423.A00G (1).thp,TH43,DDR4,0x27BC3393,yes
Kingston 9905734-423.A00G.thp,TH40,?,,no
Kingston 9905782-104.A01G.thp,TH53,DDR5,0x380CA8AF,yes
Kingston 9932301-P01.A00G.thp,TH43,DDR4,0xF02CA2E8,yes
Kingston 9965434-017.A00LF.thp,TH20,DDR3,0xDD092E63,yes
Kingston 9965745-026.A00G.thp,TH40,?,,no
Kingston 9965745-042.A01G.thp,TH43,DDR4,0xE11A9E8E,yes
Kingston 99P5429-006.A00LF.thp,TH20,DDR3,0xA3265F9A,yes
Kingston 99P5474-014.A00LF.thp,TH20,DDR3,0x5E2ED532,yes
Kingston 99P5474-050.A00LF.thp,TH20,DDR3,0x9714F6E7,yes
Kingston 99U5471-002.A00LF.thp,TH20,DDR3,0x5B291B43,yes
Kingston 99U5474-028.A00LF.thp,TH20,DDR3,0xEA02650D,yes
Kingston 99U5584-007.A00LF.thp,TH20,DDR3,0x1C2C4B2A,yes
Kingston 99U5665-001.A00G.thp,TH43,DDR4,0x8D3D511D,yes
Kingston 99U5713-001.A00G.thp,TH43,DDR4,0xEF06EEAD,yes
Kingston HP24D4U7S8MH-8 (1).thp,TH43,DDR4,0x950DA65A,yes
Kingston HP24D4U7S8MH-8.thp,TH43,DDR4,0x930D0A5B,yes
Kingston HP37D4U1S8ME-16XR.thp,TH43,DDR4,0x1ED03AF3,yes
Kingston HX316C10F-8 (1).thp,TH20,DDR3,0xED342E7F,yes
Kingston HX316C10F-8 (2).thp,TH20,DDR3,0xC9040CF7,yes
Kingston HX316C10F-8 (3).thp,TH20,DDR3,0x7A30A494,yes
Kingston HX316C10F-8.thp,TH20,DDR3,0x694116A0,yes
Kingston HX316S9IB-4.thp,TH20,DDR3,0x84D10600,yes
Kingston HX318C10FR-8.thp,TH20,DDR3,0x5136DAB5,yes
Kingston HX426S15IB2K2-16.thp,TH43,DDR4,0xAF4CE148,yes
Kingston HX436C17FB3-16.thp,TH43,DDR4,0x8A170A1E,yes
Kingston KF2666C15S4-16G.thp,TH43,DDR4,0xD991242B,yes
Kingston KF2666C16D4-16G.thp,TH43,DDR4,0x91BCB277,yes
Kingston KF3000C15D4-8GX.thp,TH43,DDR4,0xB0B4FEB8,yes
Kingston KF3200C16D4-16GX (1).thp,TH43,DDR4,0x7E3CCC30,yes
Kingston KF3200C16D4-16GX (10).thp,TH43,DDR4,0xF6228EF3,yes
Kingston KF3200C16D4-16GX (11).thp,TH43,DDR4,0x7712F394,yes
Kingston KF3200C16D4-16GX (12).thp,TH40,?,,no
Kingston KF3200C16D4-16GX (13).thp,TH43,DDR4,0x93480524,yes
Kingston KF3200C16D4-16GX (14).thp,TH43,DDR4,0x954804A9,yes
Kingston KF3200C16D4-16GX (2).thp,TH43,DDR4,0x78AE28F4,yes
Kingston KF3200C16D4-16GX (3).thp,TH43,DDR4,0x9D4F6924,yes
Kingston KF3200C16D4-16GX (6).thp,TH40,?,,no
Kingston KF3200C16D4-16GX (7).thp,TH43,DDR4,0xBB90A292,yes
Kingston KF3200C16D4-16GX (8).thp,TH43,DDR4,0x2AF4B287,yes
Kingston KF3200C16D4-16GX (9).thp,TH43,DDR4,0x2DAB0EC9,yes
Kingston KF3200C16D4-16GX.thp,TH43,DDR4,0xFB628901,yes
Kingston KF3200C16D4-32GX (1).thp,TH43,DDR4,0x38384DA8,yes
Kingston KF3200C16D4-32GX (2).thp,TH43,DDR4,0xBAFB6D65,yes
Kingston KF3200C16D4-32GX (3).thp,TH43,DDR4,0x333A2152,yes
Kingston KF3200C16D4-32GX.thp,TH43,DDR4,0x02156030,yes
Kingston KF3200C16D4-8GX (1).thp,TH43,DDR4,0x800D5747,yes
Kingston KF3200C16D4-8GX (2).thp,TH43,DDR4,0xB894B824,yes
Kingston KF3200C16D4-8GX (3).thp,TH43,DDR4,0xC0AECAF0,yes
Kingston KF3200C16D4-8GX (4).thp,TH43,DDR4,0x91AA05EC,yes
Kingston KF3200C16D4-8GX (5).thp,TH42,?,,no
Kingston KF3200C16D4-8GX (6).thp,TH43,DDR4,0xEB52E72E,yes
Kingston KF3200C16D4-8GX (7).thp,TH43,DDR4,0x965B29D6,yes
Kingston KF3200C16D4-8GX (8).thp,TH40,?,,no
Kingston KF3200C16D4-8GX (9).thp,TH40,?,,no
Kingston KF3200C16D4-8GX.thp,TH43,DDR4,0x52E03E69,yes
Kingston KF3200C20S4-16G (1).thp,TH43,DDR4,0xAD441699,yes
Kingston KF3200C20S4-16G (2).thp,TH43,DDR4,0xD7BA11A3,yes
Kingston KF3200C20S4-16G (3).thp,TH43,DDR4,0xAF1338F5,yes
Kingston KF3200C20S4-16G.thp,TH43,DDR4,0x8C9E201B,yes
Kingston KF3200C20S4-32GX.thp,TH43,DDR4,0xD7B8FE70,yes
Kingston KF3200C20S4-8G.thp,TH43,DDR4,0xBAB437EB,yes
Kingston KF3600C16D4-16GX (1).thp,TH41,DDR4,0x503FE238,yes
Kingston KF3600C16D4-16GX (10).thp,TH43,DDR4,0x24392857,yes
Kingston KF3600C16D4-16GX (11).thp,TH43,DDR4,0x246D62C9,yes
Kingston KF3600C16D4-16GX (12).thp,TH43,DDR4,0xC44D2748,yes
Kingston KF3600C16D4-16GX (13).thp,TH43,DDR4,0x6324E4C5,yes
Kingston KF3600C16D4-16GX (14).thp,TH41,DDR4,0xF43254BC,yes
Kingston KF3600C16D4-16GX (15).thp,TH43,DDR4,0x692B03B7,yes
Kingston KF3600C16D4-16GX (16).thp,TH40,?,,no
Kingston KF3600C16D4-16GX (17).thp,TH41,DDR4,0xF163BA64,yes
Kingston KF3600C16D4-16GX (18).thp,TH43,DDR4,0x851AEE8A,yes
Kingston KF3600C16D4-16GX (19).thp,TH41,DDR4,0x1753B0A8,yes
Kingston KF3600C16D4-16GX (2).thp,TH43,DDR4,0x8A283EB7,yes
Kingston KF3600C16D4-16GX (3).thp,TH43,DDR4,0x0922AC73,yes
Kingston KF3600C16D4-16GX (4).thp,TH43,DDR4,0x7A176DBB,yes
Kingston KF3600C16D4-16GX (5).thp,TH43,DDR4,0x2466B4EF,yes
Kingston KF3600C16D4-16GX (6).thp,TH40,?,,no
Kingston KF3600C16D4-16GX (7).thp,TH43,DDR4,0x7B320D7A,yes
Kingston KF3600C16D4-16GX (8).thp,TH43,DDR4,0xC04D2074,yes
Kingston KF3600C16D4-16GX (9).thp,TH43,DDR4,0xE748D2DB,yes
Kingston KF3600C16D4-16GX.thp,TH43,DDR4,0x1C452A19,yes
Kingston KF3600C16D4-8GX (1).thp,TH43,DDR4,0x7D1496E3,yes
Kingston KF3600C16D4-8GX (2).thp,TH40,?,,no
Kingston KF3600C16D4-8GX (3).thp,TH43,DDR4,0x7E16B9A5,yes
Kingston KF3600C16D4-8GX.thp,TH43,DDR4,0x9A5CAD09,yes
Kingston KF3600C17D4-8GX (1).thp,TH43,DDR4,0xFB428045,yes
Kingston KF3600C17D4-8GX (2).thp,TH43,DDR4,0x77433AC8,yes
Kingston KF3600C17D4-8GX (3).thp,TH43,DDR4,0xB1FB14A1,yes
Kingston KF3600C17D4-8GX (4).thp,TH43,DDR4,0x8038F912,yes
Kingston KF3600C17D4-8GX (5).thp,TH40,?,,no
Kingston KF3600C17D4-8GX.thp,TH43,DDR4,0x02230E01,yes
Kingston KF3600C18D4-16GX (1).thp,TH43,DDR4,0xEF2A57DF,yes
Kingston KF3600C18D4-16GX (10).thp,TH41,DDR4,0x1E0FAFDA,yes
Kingston KF3600C18D4-16GX (11).thp,TH40,?,,no
Kingston KF3600C18D4-16GX (2).thp,TH43,DDR4,0xBB257C4B,yes
Kingston KF3600C18D4-16GX (3).thp,TH41,DDR4,0x8B30AFDA,yes
Kingston KF3600C18D4-16GX (5).thp,TH43,?,,no
Kingston KF3600C18D4-16GX (6).thp,TH43,DDR4,0x1EE76177,yes
Kingston KF3600C18D4-16GX (7).thp,TH40,?,,no
Kingston KF3600C18D4-16GX (8).thp,TH41,DDR4,0x093E6D5E,yes
Kingston KF3600C18D4-16GX (9).thp,TH40,?,,no
Kingston KF3600C18D4-16GX.thp,TH43,DDR4,0x35361C40,yes
Kingston KF3600C18D4-32GX (1).thp,TH43,DDR4,0x29DEEAB3,yes
Kingston KF3600C18D4-32GX.thp,TH43,DDR4,0x9D424491,yes
Kingston KF3733C19D4-16GX (1).thp,TH41,DDR4,0x19F99BA9,yes
Kingston KF3733C19D4-16GX (2).thp,TH43,DDR4,0x241A49DC,yes
Kingston KF3733C19D4-16GX (3).thp,TH40,?,,no
Kingston KF3733C19D4-16GX.thp,TH43,DDR4,0x884898E0,yes
Kingston KF3733C19D4-8GX (1).thp,TH43,DDR4,0x36382A13,yes
Kingston KF3733C19D4-8GX.thp,TH43,DDR4,0x35E202AA,yes
Kingston KF432C16BB-32.thp,TH43,DDR4,0x3EFFB4D4,yes
Kingston KF432C16BBK2-16.thp,TH40,?,,no
Kingston KF552C36-16.thp,TH53,DDR5,0x5D2B6A27,yes
Kingston KF556C40-8.thp,TH53,DDR5,0xD50C08E4,yes
Kingston KF560C36-16 (1).thp,TH53,DDR5,0xD406839A,yes
Kingston KF560C36-16.thp,TH53,DDR5,0x42055EA0,yes
Kingston KF560C40-16.thp,TH53,DDR5,0x2A0EA943,yes
Kingston KF560C40-32.thp,TH53,DDR5,0xB22F4763,yes
Kingston KF568C36-16.thp,TH53,DDR5,0x3E12A15B,yes
Kingston KHX1600C10D3-8G (1).thp,TH20,DDR3,0x1A19D94B,yes
Kingston KHX1600C10D3-8G.thp,TH20,DDR3,0x6E0DA66B,yes
Kingston KHX1600C9D3-4GX (1).thp,TH20,DDR3,0x6A37C225,yes
Kingston KHX1600C9D3-4GX.thp,TH20,DDR3,0x23157108,yes
Kingston KHX1600C9S3L-8G.thp,TH20,DDR3,0x5B1B2B39,yes
Kingston KHX1866C10D3-4G.thp,TH20,DDR3,0x7A2EF899,yes
Kingston KHX1866C10D3-8G.thp,TH20,DDR3,0x6E15F155,yes
Kingston KHX1866C11S3L-8G.thp,TH20,DDR3,0x3880C0F6,yes
Kingston KHX1866C9D3-8GX (1).thp,TH20,DDR3,0x680B0E15,yes
Kingston KHX1866C9D3-8GX.thp,TH20,DDR3,0x4D0A40CD,yes
Kingston KHX2133C14-16G.thp,TH43,DDR4,0xA61E45D1,yes
Kingston KHX2133C14D4-4G.thp,TH41,DDR4,0x24790BFD,yes
Kingston KHX2133C14D4-8G.thp,TH43,DDR4,0xB9199287,yes
Kingston KHX2400C11D3-8GX (1).thp,TH20,DDR3,0x690B7138,yes
Kingston KHX2400C11D3-8GX.thp,TH20,DDR3,0x6B38AD17,yes
Kingston KHX2400C12D4-8GX (1).thp,TH43,DDR4,0xCD089086,yes
Kingston KHX2400C12D4-8GX (2).thp,TH40,?,,no
Kingston KHX2400C12D4-8GX.thp,TH43,DDR4,0x204F3935,yes
Kingston KHX2400C14S4-16G (1).thp,TH43,DDR4,0x4E31524C,yes
Kingston KHX2400C14S4-16G.thp,TH43,DDR4,0x4E31072E,yes
Kingston KHX2400C15-8G.thp,TH43,DDR4,0x50280287,yes
Kingston KHX2500C11D3-4GX.thp,TH20,DDR3,0x79299953,yes
Kingston KHX2666C13-8GX.thp,TH43,DDR4,0x132CA751,yes
Kingston KHX2666C16-16G (1).thp,TH43,DDR4,0x775355F1,yes
Kingston KHX2666C16-16G.thp,TH41,DDR4,0x03245F87,yes
Kingston KHX2666C16-8G (1).thp,TH43,?,,no
Kingston KHX2666C16-8G (2).thp,TH43,DDR4,0x506438A6,yes
Kingston KHX2666C16-8G.thp,TH43,?,,no
Kingston KHX2666C16D4-4G.thp,TH41,DDR4,0x1DCB1187,yes
Kingston KHX3000C15-16GX.thp,TH43,DDR4,0x6D9095D2,yes
Kingston KHX3000C15D4-8GX (1).thp,TH43,DDR4,0x8C82DEEE,yes
Kingston KHX3000C15D4-8GX (2).thp,TH43,DDR4,0x6DAB4C58,yes
Kingston KHX3000C15D4-8GX (3).thp,TH40,?,,no
Kingston KHX3000C15D4-8GX.thp,TH43,DDR4,0x2568B2DE,yes
Kingston KHX3200C16D4-16GX (1).thp,TH43,DDR4,0x0C215E08,yes
Kingston KHX3200C16D4-16GX (2).thp,TH43,DDR4,0xB09E5711,yes
Kingston KHX3200C16D4-16GX (3).thp,TH43,DDR4,0xB5E764EE,yes
Kingston KHX3200C16D4-16GX (4).thp,TH43,DDR4,0x39EB2C83,yes
Kingston KHX3200C16D4-16GX (5).thp,TH43,DDR4,0x5ED05383,yes
Kingston KHX3200C16D4-16GX.thp,TH43,DDR4,0xED88DDE8,yes
Kingston KHX3200C16D4-4GX.thp,TH41,DDR4,0x19F39204,yes
Kingston KHX3200C16D4-8GX (1).thp,TH43,DDR4,0xE4B0E7EE,yes
Kingston KHX3200C16D4-8GX (2).thp,TH43,DDR4,0x5031B059,yes
Kingston KHX3200C16D4-8GX (3).thp,TH43,DDR4,0xA056C675,yes
Kingston KHX3200C16D4-8GX (4).thp,TH40,?,,no
Kingston KHX3200C16D4-8GX.thp,TH43,DDR4,0x1123FF47,yes
Kingston KHX3200C17D4-16GX.thp,TH43,DDR4,0xC5FADA7E,yes
Kingston KHX3466C16D4-16GX.thp,TH43,DDR4,0xADA28BDA,yes
Kingston KHX3600C17D4-16GX (1).thp,TH41,DDR4,0xFB23212B,yes
Kingston KHX3600C17D4-16GX.thp,TH43,DDR4,0x30D69B46,yes
Kingston KHX3600C17D4-8GX (1).thp,TH43,DDR4,0x50CB55DC,yes
Kingston KHX3600C17D4-8GX (2).thp,TH41,DDR4,0xD45DE7E2,yes
Kingston KHX3600C17D4-8GX.thp,TH43,?,,no
Kingston KHX4133C19D4-8GX.thp,TH40,?,,no
Kingston LV36D4U1S8HD-8XR.thp,TH43,DDR4,0x66A52C1F,yes
Kingston XVTW4H-MIE-NX.thp,TH43,DDR4,0x13680398,yes
Kllisre KRE-D3U1600M-8G.thp,TH20,DDR3,0x0398567C,yes
Kllisre M378A1K43BB2-CRC.thp,TH43,DDR4,0x355954AD,yes
Kllisre MamWyjeB4n3.thp,TH43,DDR4,0x355954A7,yes
Kllisre Undefined (1).thp,TH41,DDR4,0x4D1DAACF,yes
Kllisre Undefined (2).thp,TH43,DDR4,0x8DC0D8B4,yes
Kllisre Undefined (3).thp,TH41,DDR4,0xCB0B8013,yes
Kllisre Undefined.thp,TH43,DDR4,0x00017740,yes
Lenovo Lenovo DDR43200 32GB.thp,TH43,DDR4,0x0000014D,yes
MAXSUN MSD416G32M3.thp,TH43,DDR4,0x00000000,yes
MicSys 3600 C18 Series.thp,TH43,DDR4,0x10160049,yes
MicSys 4133 C19 Series.thp,TH43,DDR4,0x01140069,yes
Micron 16ATF1G64AZ-2G1B1.thp,TH41,DDR4,0x6697E2F6,yes
Micron 16ATF2G64HZ-2G6H1.thp,TH43,DDR4,0x0413A3E4,yes
Micron 16JTF1G64AZ-1G6E1.thp,TH20,DDR3,0x378976B6,yes
Micron 16KTF1G64HZ-1G9P2.thp,TH20,DDR3,0x1653E5D0,yes
Micron 16KTF51264HZ-1G6M1.thp,TH20,DDR3,0x34549892,yes
Micron 18ADF2G72AZ-3G2E1.thp,TH43,DDR4,0x1F160B26,yes
Micron 18ASF4G72AZ-3G2B1.thp,TH43,DDR4,0x3AA1015D,yes
Micron 4ATF1G64AZ-3G2E1.thp,TH43,DDR4,0x2E5108C5,yes
Micron 4ATF51264HZ-2G3B1.thp,TH43,DDR4,0x13701C9A,yes
Micron 4ATF51264HZ-3G2J1.thp,TH43,DDR4,0x2C093566,yes
Micron 4ATF51264HZ-3G2R1.thp,TH43,DDR4,0x30C20B1D,yes
Micron 8ATF1G64AZ-2G3B1.thp,TH43,DDR4,0x13AF61E1,yes
Micron 8ATF1G64AZ-2G6E1 (1).thp,TH43,DDR4,0x23EE9357,yes
Micron 8ATF1G64AZ-2G6E1.thp,TH43,DDR4,0x1DE67932,yes
Micron 8ATF1G64HZ-2G6D1.thp,TH43,DDR4,0x2323AAFE,yes
Micron 8ATF1G64HZ-3G2J1 (1).thp,TH43,DDR4,0x25469D76,yes
Micron 8ATF1G64HZ-3G2J1.thp,TH43,DDR4,0x2D204923,yes
Micron 8KTF51264HZ-1G6E1.thp,TH20,DDR3,0x0CDE4E2B,yes
Micron 9ASF1G72PZ-2G3B1.thp,TH43,DDR4,0x14880BCE,yes
Micron 9ASF1G72PZ-2G9E6.thp,TH43,DDR4,0x23FA71E7,yes
Micron MTA16ATF2G64HZ-2G3.thp,TH43,DDR4,0xB4020048,yes
Mushkin Enhanced MFG 991599 (996599).thp,TH20,?,,no
Mushkin Enhanced MFG MLX4C360GKKP32G.thp,TH41,DDR4,0x74770A76,yes
Mushkin Enhanced MFG MRX5U600DDDM16G.thp,TH53,DDR5,0x00000000,yes
Mushkin Enhanced MFG MRX5U640A77P32G.thp,TH53,DDR5,0x00000000,yes
PNY Electronics 8GBF1X08QFHH38-135-K.thp,TH43,DDR4,0x00000000,yes
Patriot Memory 1600 CL9 Series (1).thp,TH20,DDR3,0x09150444,yes
Patriot Memory 1600 CL9 Series.thp,TH20,DDR3,0x00000000,yes
Patriot Memory 1866 CL10 Series.thp,TH20,DDR3,0x02060311,yes
Patriot Memory 2666 C16 Series.thp,TH40,?,,no
Patriot Memory 3000 C16 Series (1).thp,TH43,?,,no
Patriot Memory 3000 C16 Series.thp,TH43,DDR4,0x00000000,yes
Patriot Memory 3200 C16 Series (2).thp,TH43,DDR4,0x00000000,yes
Patriot Memory 3200 C16 Series (3).thp,TH40,?,,no
Patriot Memory 3200 C16 Series (4).thp,TH40,?,,no
Patriot Memory 3200 C16 Series.thp,TH41,DDR4,0x74770A76,yes
Patriot Memory 3200 C18 Series.thp,TH43,DDR4,0x092200D0,yes
Patriot Memory 3600 C18 Series (1).thp,TH40,?,,no
Patriot Memory 3600 C18 Series (2).thp,TH43,DDR4,0x12150226,yes
Patriot Memory 3600 C18 Series (3).thp,TH43,DDR4,0x073103DB,yes
Patriot Memory 3600 C18 Series (4).thp,TH40,?,,no
Patriot Memory 3600 C18 Series (5).thp,TH43,DDR4,0x00018705,yes
Patriot Memory 3600 C18 Series (6).thp,TH41,DDR4,0x775708F4,yes
Patriot Memory 3600 C18 Series.thp,TH40,?,,no
Patriot Memory 4000 C16 Series.thp,TH43,DDR4,0x04150511,yes
Patriot Memory 4000 C19 Series.thp,TH43,DDR4,0x09260360,yes
Patriot Memory 4000 C20 Series.thp,TH43,DDR4,0x09150307,yes
Patriot Memory 4400 C18 Series.thp,TH43,DDR4,0x00006752,yes
Patriot Memory 4400 C19 Series (1).thp,TH43,?,,no
Patriot Memory 4400 C19 Series (3).thp,TH40,?,,no
Patriot Memory 4400 C19 Series (4).thp,TH41,DDR4,0x667409B0,yes
Patriot Memory 4400 C19 Series.thp,TH43,DDR4,0x12030C2C,yes
Patriot Memory 5600 C40 Series.thp,TH53,DDR5,0x01091856,yes
Patriot Memory 6000 C42 Series.thp,TH53,DDR5,0x06260130,yes
Patriot Memory 7000 C32 Series.thp,TH53,DDR5,0x122802B6,yes
Patriot Memory 7200 C34 Series (1).thp,TH53,DDR5,0x08290007,yes
Patriot Memory 7200 C34 Series.thp,TH53,DDR5,0x07270629,yes
Patriot Memory PSD34G16002.thp,TH20,DDR3,0x00000000,yes
Patriot Memory PSD416G32002.thp,TH43,DDR4,0x032404FD,yes
Patriot Memory PSD48G266681.thp,TH41,DDR4,0x74770A76,yes
Qimonda 64T64020EDL3SB2.thp,TH20,?,,no
RAmos RM4S8G46A1A-PGGWE1.thp,TH41,DDR4,0x74770A76,yes
RAmos RM4S8G46A1B-PGGGTD1.thp,TH41,DDR4,0x74770A76,yes
RAmos RM4S8G46A1C-PGGGTD1.thp,TH41,DDR4,0x74770A76,yes
Ramaxel RML1320MH48D8F-800.thp,TH20,?,,no
Ramaxel RMSA3270MB86H9F2400.thp,TH43,DDR4,0x1277B150,yes
Ramaxel RMSA3310ME96HAF-3200.thp,TH41,DDR4,0x6653F7AD,yes
Ramaxel RMT3150ED58E8W1600.thp,TH20,DDR3,0x43ABC626,yes
SCY SM4S510888DHC.thp,TH43,DDR4,0x00000E0C,yes
A-DATA DDR4 3000.thp,TH41,DDR4,0x4AE10A76,yes
A-DATA DDR4 3200.thp,TH40,?,,no
A-DATA DDR4 3600 2OZ.thp,TH41,DDR4,0xEE2A0876,yes
A-DATA DDR4 4133 2OZ.thp,TH41,DDR4,0x9D5E0976,yes
ASint SSA302G08-GGNHC.thp,TH20,DDR3,0x000000B5,yes
Apacer 78.BAGTC.AZ30B.thp,TH41,DDR4,0x25E68960,yes
Asgard VMA44UI-MIC1U22T2.thp,TH40,?,,no
Asgard VMA45UG-MEC1U2AW2.thp,TH41,DDR4,0x0E2F5524,yes
Asgard VMA45UG-MIC1U22T2.thp,TH40,?,,no
Chun Well Holding Ltd. CL16-18-18 D4-2666.thp,TH41,DDR4,0x74770A76,yes
Chun Well Holding Ltd. CL16-18-18 D4-3200.thp,TH41,DDR4,0x74770A76,yes
Chun Well Holding Ltd. MD4U0832140BCW.thp,TH40,?,,no
Corsair CM4X32GC3000C16K2D.thp,TH41,DDR4,0x74770A76,yes
Corsair CMD16GX4M2B3000C15.thp,TH41,DDR4,0x74770A76,yes
Corsair CMD32GX4M4C3200C14C .thp,TH41,DDR4,0x74770A76,yes
Corsair CMD32GX4M4C3200C14C.thp,TH41,DDR4,0x74770A76,yes
Corsair CMK16GX4M1E3200C16.thp,TH41,DDR4,0x74770A76,yes
Corsair CMK16GX4M2A2400C14.thp,TH41,DDR4,0x74770A76,yes
Corsair CMK16GX4M2B3000C15 (1).thp,TH41,DDR4,0x74770A76,yes
Corsair CMK16GX4M2D3000C16.thp,TH41,DDR4,0x74770A76,yes
Corsair CMK16GX4M2E3200C16.thp,TH41,DDR4,0x74770A76,yes
Corsair CMK32GX4M4B3600C18.thp,TH41,DDR4,0x74770A76,yes
Corsair CMK64GX4M2E3200C16.thp,TH41,DDR4,0x74770A76,yes
Corsair CMK8GX4M2A2133C13.thp,TH41,DDR4,0x74770A76,yes
Corsair CMK8GX4M2A2666C16.thp,TH41,DDR4,0x74770A76,yes
Corsair CMT32GX4M4C3000C15.thp,TH41,DDR4,0x74770A76,yes
Corsair CMT64GX4M4C3200C16.thp,TH41,DDR4,0x74770A76,yes
Corsair CMW16GX4M2C3600C18.thp,TH41,DDR3,0x070071C6,yes
Corsair CMW16GX4M2D3600C18.thp,TH41,DDR3,0x070071C6,yes
Corsair CMW16GX4M2Z3600C18.thp,TH41,DDR3,0xF1F67104,yes
Corsair CMW32GX4M2D3600C18.thp,TH41,DDR3,0x070071C6,yes
Corsair CMW32GX4M4Z3200C16.thp,TH41,DDR4,0x74770A76,yes
Corsair CMX4GX3M1A1600C9.thp,TH20,DDR3,0x00000000,yes
Corsair CMX4GX3M2A1600C9.thp,TH20,DDR3,0x00000000,yes
Corsair CMY16GX3M2A1866C9.thp,TH20,DDR3,0x00000000,yes
Crucial BL16G32C16S4B.M16FE1.thp,TH41,DDR4,0x972D16DF,yes
Crucial BL16G32C16U4BL.M16FE.thp,TH41,DDR4,0x97FCD002,yes
Crucial BL16G36C16U4B.M16FE1.thp,TH40,?,,no
Crucial BL16G36C16U4B.M8FB1.thp,TH41,DDR4,0x97EA9C4F,yes
Crucial BL16G36C16U4WL.M16FE.thp,TH41,DDR4,0x972B00B4,yes
Crucial BL8G30C15U4B.M8FE.thp,TH41,DDR4,0x900A2E1E,yes
Crucial BL8G30C15U4R.M8FE1.thp,TH41,DDR4,0x9040B9C9,yes
Crucial BL8G32C16U4B.M8FE.thp,TH41,DDR4,0x97E74CA0,yes
Crucial BL8G32C16U4B.M8FE1.thp,TH40,?,,no
Crucial BL8G32C16U4W.M8FE.thp,TH40,?,,no
Crucial BL8G32C16U4W.M8FE1.thp,TH40,?,,no
Crucial BL8G32C16U4WL.M8FE1.thp,TH41,DDR4,0x97325D73,yes
Crucial BL8G36C16U4BL.M8FE1.thp,TH41,DDR4,0x97E0271B,yes
Crucial BLE8G4D34AEEAK.K8FB.thp,TH41,DDR4,0x74770A76,yes
Crucial BLM16G40C18U4B.M8FB1.thp,TH41,DDR4,0x97116943,yes
Crucial BLM16G40C18U4BL.M8FB.thp,TH41,DDR4,0x972E0F7C,yes
Crucial BLS16G4D32AESB.M16FE.thp,TH41,DDR4,0x96880B03,yes
Crucial BLS16G4D32AESE.M16FE.thp,TH41,DDR4,0x94825C7B,yes
Crucial BLT8G4D32AET4K.M8FE1.thp,TH41,DDR4,0x9737CCA2,yes
Crucial CT102464BA160B.C16.thp,TH20,DDR3,0xDFC96E22,yes
Crucial CT51264BF160B.C16F.thp,TH20,DDR3,0x177D6095,yes
Cuso YX4U2666D19161C.thp,TH40,?,,no
Essencore KD4AGU880-36A180T.thp,TH41,DDR4,0xCE1C084E,yes
Eudar Inc 8G3200CL16.thp,TH41,DDR4,0x74770A76,yes
Fujitsu -360 C16- 6GTZNC.thp,TH20,?,,no
Fujitsu F4-3200C16-16GTZR.thp,TH20,?,,no
G.Skill F3-1333C9-8GAO.thp,TH20,DDR3,0x00000000,yes
G.Skill F3-17000CL9-4GBXM.thp,TH20,DDR3,0x00000000,yes
G.Skill F4-2133C15-16GIS.thp,TH41,DDR4,0x74770A76,yes
G.Skill F4-2400C16-8GFXR.thp,TH41,DDR4,0x74770A76,yes
G.Skill F4-2666C15-8GVR.thp,TH40,?,,no
G.Skill F4-2666C18-16GTZN.thp,TH41,DDR4,0x74770A76,yes
G.Skill F4-2666C18-8GTZR.thp,TH41,DDR4,0x74770A76,yes
G.Skill F4-3000C15-8GTZB.thp,TH41,DDR4,0x74770A76,yes
G.Skill F4-3000C15-8GVKB.thp,TH41,DDR3,0x070096C6,yes
G.Skill F4-3200C16-16GTZRX.thp,TH41,DDR4,0x74770A76,yes
G.Skill F4-3200C16-32GTZN.thp,TH41,DDR4,0x74770A76,yes
G.Skill F4-3200C16-8GSX.thp,TH41,DDR4,0x74770A76,yes
G.Skill F4-3200C16-8GTRG.thp,TH41,DDR3,0x4B0071C6,yes
G.Skill F4-3200C16-8GTZN.thp,TH41,DDR4,0x74770A76,yes
G.Skill F4-3200C16-8GVKB.thp,TH40,?,,no
G.Skill F4-3200C18-16GRS.thp,TH41,DDR4,0x74265B71,yes
G.Skill F4-3200C22-8GRS.thp,TH41,DDR4,0x75775871,yes
G.Skill F4-3333C16-16GTZ.thp,TH41,DDR4,0x74770A76,yes
G.Skill F4-360 C14-8 TZNB.thp,TH41,DDR4,0x74770A76,yes
G.Skill F4-360 C16-16GTZNC.thp,TH41,DDR3,0x070071C6,yes
G.Skill F4-3600C16-16G ZNC.thp,TH41,DDR3,0x070071C6,yes
G.Skill F4-3600C16-16GTZN (2).thp,TH41,DDR4,0x74770A76,yes
G.Skill F4-3600C16-8GTZ.thp,TH41,DDR3,0x070096C6,yes
G.Skill F4-3600C17-16GTZR (1).thp,TH41,DDR4,0x74770A76,yes
G.Skill F4-3600C18-8GTZRX.thp,TH41,DDR4,0x74770A76,yes
G.Skill F4-4000C15-8GTRS.thp,TH41,DDR4,0x74770A76,yes
G.Skill F4-4000C18-32GTZR.thp,TH41,DDR4,0x74770A76,yes
G.Skill F4-4000C18-8GTRS.thp,TH41,DDR4,0x74770A76,yes
G.Skill F4-4400C18-8GTRG.thp,TH41,DDR4,0x74770A76,yes
G.Skill F4-4800C18-8GTRG.thp,TH41,DDR4,0x74770A76,yes
GeIL CL16-18-18 D4-3200.thp,TH40,?,,no
Gloway International STK4U2666D19161C.thp,TH40,?,,no
GoldKey NMSO416E82-3200E.thp,TH41,DDR4,0x76613877,yes
Hynix HMA81GS6AFR8N-UH.thp,TH41,DDR4,0x5C1F0A35,yes
Hynix HMA81GS6DJR8N-XN.thp,TH41,DDR4,0x565A1234,yes
Hynix HMA82GU6CJR8N-VK.thp,TH40,?,,no
Hynix HMT351S6EFR8C-PB (1).thp,TH20,DDR3,0x0172DC12,yes
Hynix HMT351S6EFR8C-PB.thp,TH20,DDR3,0x0172DC12,yes
Hynix HMT351U6BFR8C-H9.thp,TH20,DDR3,0x15BC041F,yes
Hynix HMT42GR7AFR4C-RD.thp,TH20,DDR3,0x900F24BA,yes
I.T.T R022D408GX2-4000C1.thp,TH20,?,,no
JUHOR JHD3200U1816JG.thp,TH41,DDR4,0xC37CB8C2,yes
Kingston 9905471-036.A00LF.thp,TH20,DDR3,0xCE147678,yes
Kingston 9905471-074.A00LF.thp,TH20,DDR3,0x0D110A3C,yes
Kingston 99U5403-159.A01LF.thp,TH20,DDR3,0xC9040D07,yes
Kingston 99U5428-018.A00LF.thp,TH20,DDR3,0x5D052578,yes
Kingston 99U5471-032.A00LF.thp,TH20,DDR3,0x8C168079,yes
Kingston 99U5471-056.A00LF.thp,TH20,DDR3,0x7417DD75,yes
Kingston HP26D4S9S8HJ-8.thp,TH41,DDR4,0x1519A244,yes
Kingston KHX2400C11D3-8GX.thp,TH20,DDR3,0x14327713,yes
Kingston KHX2666C13-8GX.thp,TH40,?,,no
Kingston KHX2666C15D4-8G.thp,TH41,DDR4,0xD17BF0A3,yes
Kingston KHX2666C16-16G.thp,TH41,DDR4,0x0D2947B0,yes
Kingston KHX2666C16-8G.thp,TH41,DDR4,0x7858E03C,yes
Kingston KHX3200C16D4-4GX.thp,TH41,DDR4,0xBCE47F41,yes
Kingston KHX3200C16D4-8GX (1).thp,TH41,DDR4,0x9F2DB02F,yes
Kingston KHX3200C16D4-8GX (2).thp,TH40,?,,no
Kingston KHX3200C16D4-8GX (3).thp,TH41,DDR4,0x6065B0BF,yes
Kingston KHX3200C16D4-8GX.thp,TH40,?,,no
Kingston KHX3200C18D4-8G (2).thp,TH40,?,,no
Kingston KHX3200C18D4-8G.thp,TH41,DDR4,0x8555EDAD,yes
Kingston KHX3200C20S4-8G.thp,TH41,DDR4,0xAFDE66FF,yes
Kingston KHX3466C16D4-16GX.thp,TH41,DDR4,0xA52A1F3C,yes
Kingston KHX3600C17D4-16GX.thp,TH41,DDR4,0xC0EB3F54,yes
Kingston KHX3600C17D4-8GX (1).thp,TH41,DDR4,0x598E5E23,yes
Kingston KHX3600C17D4-8GX.thp,TH41,DDR4,0x78655224,yes
Kingston XRGM6C-MIE.thp,TH41,DDR4,0x54332604,yes
Kllisre Undefined.thp,TH40,?,,no
MicSys 3200 C16 Series_1.thp,TH41,DDR4,0x74770A76,yes
Micron 16ATF4G64HZ-3G2E1.thp,TH41,DDR4,0x53873387,yes
Mushkin Enhanced MFG 991599 (996599).thp,TH20,?,,no
PNY Electronics 8GBF1X08QFHH38-135-K.thp,TH41,DDR4,0x74770A76,yes
Patriot Memory 3200 C16 Series.thp,TH41,DDR4,0x74771516,yes
Patriot Memory 3600 C18 Series.thp,TH41,DDR4,0x64540D63,yes
Patriot Memory 3733 C17 Series (2).thp,TH41,DDR4,0x74770A76,yes
Patriot Memory 4400 C19 Series (2).thp,TH41,DDR4,0x7D520AF8,yes
Patriot Memory 4400 C19 Series.thp,TH41,DDR4,0x64650392,yes
Patriot Memory PSD48G266682.thp,TH40,?,,no
Ramaxel RMSA3270ME86H9F-2666.thp,TH40,?,,no
Samsung M378A2K43CB1-CTD (1).thp,TH40,?,,no
Samsung M378A2K43CB1-CTD.thp,TH41,DDR4,0x45CDAB5F,yes
Samsung M378A4G43AB2-CWE.thp,TH41,DDR4,0x707EE4FB,yes
Samsung M386A4G40DM0-CPB.thp,TH41,DDR4,0x455DABBF,yes
Samsung M393B1K70BH1-CH9.thp,TH20,DDR3,0x461ACB46,yes
Samsung M471A1K43CB1-CTD.thp,TH40,?,,no
Samsung M471A5143EB0-CPB.thp,TH41,DDR4,0xEC13D9CE,yes
Samsung M471B5173DB0-YK0.thp,TH20,DDR3,0x93853265,yes
Samsung M471B5273CH0-YK0.thp,TH20,DDR3,0xB8002100,yes
Silicon Power DBLT4GN568S.thp,TH20,DDR3,0x00000000,yes
Silicon Power SP008GXLZU320BSA.thp,TH40,?,,no
Synertek 6.thp,TH20,?,,no
Team Group TEAMGROUP-UD3-1600.thp,TH20,DDR3,0x0101522B,yes
Team Group TEAMGROUP-UD4-3000.thp,TH41,DDR4,0x75736669,yes
Team Group TEAMGROUP-UD4-3200 (1).thp,TH41,DDR4,0x7675E421,yes
Team Group TEAMGROUP-UD4-3200.thp,TH40,?,,no
Team Group TEAMGROUP-UD4-4000.thp,TH41,DDR4,0x757312BF,yes
Thermaltake R009D408GX2-4000C19A.thp,TH41,DDR4,0x74CB2E52,yes
Thermaltake R019D408GX2-3600C18A.thp,TH41,DDR4,0x1C023E41,yes
Thermaltake R022D408GX2-4000C19A.thp,TH41,DDR3,0x07009604,yes
Unknown (JEDEC ID 04FFh) F4-3200C16-16GTZR.thp,TH41,DDR4,0x74770A76,yes
Unknown (JEDEC ID 10FFh) Undefined.thp,TH41,DDR4,0x8B88F589,yes
Unknown (JEDEC ID 7FC2h) R009D408GX2-4000C19A.thp,TH41,DDR4,0x9F533B60,yes
A-DATA DDR4 3200.thp,TH41,DDR4,0x89F70A76,yes
A-DATA DDR4 3600 2OZ.thp,TH41,DDR4,0xBBEE0B76,yes
A-DATA DDR4 3600.thp,TH41,DDR4,0x7F2F0B76,yes
A-DATA DDR4 4133 2OZ.thp,TH41,DDR4,0x7A3D0A76,yes
A-DATA Undefined.thp,TH20,DDR3,0x88624367,yes
Apacer GD2.1842CS.004.thp,TH41,DDR4,0x71450944,yes
Apacer GD2.22428S.001.thp,TH41,DDR3,0x070071C6,yes
Corsair CM4X8GD3000C16K4D.thp,TH40,?,,no
Corsair CMK128GX4M8B3000C16.thp,TH41,DDR4,0x74770A76,yes
Corsair CMK16GX4M2D3000C16.thp,TH41,DDR4,0x74770A76,yes
Corsair CMK16GX4M2D3600C18.thp,TH41,DDR4,0x74770A76,yes
Corsair CMK16GX4M2Z3200C16.thp,TH41,DDR4,0x74770A76,yes
Corsair CMK32GX4M2B3000C15.thp,TH41,DDR4,0x74770A76,yes
Corsair CMK32GX4M2B3200C16 (1).thp,TH40,?,,no
Corsair CMK32GX4M2Z3200C16.thp,TH40,?,,no
Corsair CMSX64GX4M2A2666C18.thp,TH41,DDR4,0x74770A76,yes
Corsair CMT32GX4M2C3466C16.thp,TH41,DDR4,0x74770A76,yes
Corsair CMT32GX4M4Z3200C16.thp,TH41,DDR4,0x74770A76,yes
Corsair CMW128GX4M4D3600C18.thp,TH41,DDR4,0x74770A76,yes
Corsair CMW16GX4M2D3600C18.thp,TH41,DDR4,0x74770A76,yes
Corsair CMW32GX4M2Z3600C18.thp,TH41,DDR4,0x74770A76,yes
Corsair CMW32GX4M4C3600C18.thp,TH41,DDR4,0x74770A76,yes
Corsair CMW32GX4M4D3600C18 (1).thp,TH41,DDR4,0x74770A76,yes
Corsair CMX8GX3M2A1600C9.thp,TH20,DDR3,0x00000000,yes
Crucial BL16G32C16U4B.M16FE1.thp,TH41,DDR4,0x904EB182,yes
Crucial BL16G32C16U4B.M8FB1.thp,TH41,DDR4,0x91764E9A,yes
Crucial BL16G36C16U4R.M8FB1.thp,TH41,DDR4,0x97EAABB1,yes
Crucial BL16G36C16U4RL.M8FB1.thp,TH41,DDR4,0x97EE0BD7,yes
Crucial BL32G36C16U4B.M16FB1.thp,TH41,DDR4,0x97E287D1,yes
Crucial BL8G36C16U4B.M8FE1 (1).thp,TH41,DDR4,0x97F096D7,yes
Crucial BL8G36C16U4B.M8FE1.thp,TH41,DDR4,0x97E12B29,yes
Crucial BLS16G4D32AESB.M16FE.thp,TH41,DDR4,0x97429626,yes
Crucial BLS16G4D32AESE.M16FE.thp,TH41,DDR4,0x948264EA,yes
Crucial BLS8G4D240FSE.16FBD2.thp,TH41,DDR4,0xA351B7E6,yes
Crucial BLS8G4D30AESBK.M8FE (1).thp,TH41,DDR4,0x9687BD73,yes
Crucial BLS8G4D30AESBK.M8FE.thp,TH40,?,,no
Crucial CT16G4DFD8213.C16FDD.thp,TH40,?,,no
Crucial CT16G4DFD824A.M16FA.thp,TH41,DDR4,0x945398EB,yes
Crucial CT16G4DFD832A.C16FP.thp,TH41,DDR4,0x97E0A742,yes
Crucial CT8G4DFS8266.M8FD.thp,TH40,?,,no
G.Skill F4-2666C15-8GRR.thp,TH41,DDR4,0x74770A76,yes
G.Skill F4-2800C14-16GTZ.thp,TH41,DDR4,0x74770A76,yes
G.Skill F4-3000C15-8GVR.thp,TH41,DDR4,0x74770A76,yes
G.Skill F4-3000C15-8GVRB.thp,TH41,DDR4,0x74770A76,yes
G.Skill F4-32 0 16-8GTZRX.thp,TH41,DDR3,0xF80096C6,yes
G.Skill F4-3200C14-8GTZR (1).thp,TH41,DDR3,0x070096C6,yes
G.Skill F4-3200C16-8GTZR (1).thp,TH41,DDR3,0x070096C6,yes
G.Skill F4-3200C16-8GTZR (5).thp,TH41,DDR3,0x070096C6,yes
G.Skill F4-3600C1 -16GTZNC.thp,TH41,DDR4,0x74770A76,yes
G.Skill F4-3600C16-16G ZNC.thp,TH41,DDR3,0x070071C6,yes
G.Skill F4-3600C16-16GTRSC.thp,TH41,DDR4,0x74770A76,yes
G.Skill F4-3600C16-16GTZN (1).thp,TH41,DDR3,0x070071C6,yes
G.Skill F4-3600C16-16GTZNC (3).thp,TH41,DDR4,0x74770A76,yes
G.Skill F4-3600C16-16GTZNC (8).thp,TH41,DDR3,0x070071C6,yes
G.Skill F4-3600C16-8GTZ.thp,TH41,DDR4,0x74770A76,yes
G.Skill F4-3600C16-8GTZN.thp,TH40,?,,no
G.Skill F4-3600C18-32GTZN.thp,TH41,DDR4,0x74770A76,yes
G.Skill F4-4000C16-16GVK.thp,TH40,?,,no
G.Skill F4-4000C16-8GTZR.thp,TH41,DDR4,0x74770A76,yes
G.Skill F4-4000C16-8GVK.thp,TH41,DDR4,0x74770A76,yes
G.Skill F4-4000C18-8GTZR.thp,TH40,?,,no
G.Skill F4-4266C19-8GTZA.thp,TH41,DDR4,0x74770A76,yes
G.Skill F4-4266C19-8GTZKW.thp,TH41,DDR4,0x74770A76,yes
Galaxy Microsystems HOF OC LAB.thp,TH41,DDR4,0x74770AA2,yes
Galaxy Microsystems Undefined.thp,TH40,?,,no
GeIL CL16-20-20 D4-3200.thp,TH41,DDR4,0x74770A76,yes
Hynix HMA82GU7CJR8N-VK.thp,TH41,DDR4,0x072B3D99,yes
Hynix HMA851S6AFR6N-UH.thp,TH41,DDR4,0x27202090,yes
Hynix HMT351S6CFR8C-PB.thp,TH20,DDR3,0x0B740BEA,yes
Hynix HMT451S6BFR8A-PB.thp,TH20,DDR3,0x15757719,yes
Kingston KHX2400C15-8G.thp,TH41,DDR4,0xA37BA08A,yes
Kingston KHX2400C15D4-8G.thp,TH41,DDR4,0x9A556717,yes
Kingston KHX3200C16D4-16GX (1).thp,TH41,DDR4,0xC1279050,yes
Kingston KHX3200C16D4-16GX (2).thp,TH41,DDR3,0x070096D2,yes
Kingston KHX3200C16D4-16GX.thp,TH41,DDR4,0x08E7E724,yes
Kingston KHX3200C16D4-8GX (1).thp,TH41,DDR4,0xA1ED3C67,yes
Kingston KHX3200C16D4-8GX (2).thp,TH41,DDR4,0x6A397FD1,yes
Kingston KHX3200C16D4-8GX.thp,TH41,DDR4,0x2D1DAA6C,yes
Kingston KHX3600C17D4-8GX.thp,TH41,DDR4,0x64651024,yes
Patriot Memory 3200 C16 Series.thp,TH41,DDR4,0x647F0F7D,yes
Patriot Memory 4000 C19 Series (1).thp,TH40,?,,no
Patriot Memory 4000 C19 Series.thp,TH41,DDR4,0x64500AD3,yes
Patriot Memory 4133 C19 Series.thp,TH41,DDR4,0x65660AEA,yes
Ramaxel RMT3160ED58E9W1600.thp,TH20,DDR3,0x0514AF23,yes
Samsung M378A1K43CB2-CTD.thp,TH41,DDR4,0xE4E47A89,yes
Samsung M378A2G43AB3-CWE.thp,TH41,DDR4,0x63ACE2A2,yes
Samsung M378B1G73EB0-YK0.thp,TH20,DDR3,0x15575647,yes
Samsung M378B5273DH0-CK0.thp,TH20,DDR3,0x63057E35,yes
Samsung M392B5170EM1-CH9.thp,TH20,DDR3,0x422BF735,yes
Samsung M393A2G40DB0-CPB.thp,TH41,DDR4,0x4D89CD5D,yes
Samsung M393B2G70BH0-YK0.thp,TH20,DDR3,0x358C5E28,yes
Samsung M471B5173EB0-YK0.thp,TH20,DDR3,0x1302239E,yes
Samsung M471B5773DH0-CK0.thp,TH20,DDR3,0xE6ACF678,yes
Team Group TEAMGROUP-UD3-1600.thp,TH20,DDR3,0x0101A8AE,yes
Team Group TEAMGROUP-UD4-3000.thp,TH41,DDR4,0x8B88F589,yes
Team Group TEAMGROUP-UD4-3200 (1).thp,TH41,DDR4,0x757371E3,yes
Team Group TEAMGROUP-UD4-3200 (2).thp,TH41,DDR4,0x7573B4F4,yes
Team Group TEAMGROUP-UD4-3200 (3).thp,TH41,DDR4,0x757309D8,yes
Team Group TEAMGROUP-UD4-3200 (4).thp,TH41,DDR4,0x7573ECFB,yes
Team Group TEAMGROUP-UD4-3200 (5).thp,TH41,DDR4,0x7573552F,yes
Team Group TEAMGROUP-UD4-3200.thp,TH41,DDR4,0x7573B1A6,yes
Team Group TEAMGROUP-UD4-3600 (1).thp,TH41,DDR4,0x757346D2,yes
Team Group TEAMGROUP-UD4-3600.thp,TH41,DDR4,0x75D30E18,yes
Team Group TEAMGROUP-UD4-4000.thp,TH41,DDR4,0x7675E7F0,yes
Thermaltake RA24D408GX2-4000C19A.thp,TH41,DDR4,0xD8CE0850,yes
Unknown (JEDEC ID 0951h) DDR4-3600 8GB C18.thp,TH41,DDR4,0x74770A76,yes
V-GEN D4S8GL32A8TL (1).thp,TH41,DDR4,0x74770A57,yes
V-GEN D4S8GL32A8TL.thp,TH41,DDR4,0x74770A52,yes
A-DATA DDR4 3600.thp,TH40,?,,no
AMD R748G2133U2S.thp,TH40,?,,no
Apacer 78.C2GCZ.AU30C.thp,TH20,DDR3,0x01920491,yes
Century Micro Inc. CENTURY HQ MEMORY.thp,TH20,DDR3,0x00000000,yes
Corsair CMD32GX4M4C3200C14C.thp,TH41,DDR4,0x74770A76,yes
Corsair CMD64GX3M8A2400C11.thp,TH20,DDR3,0x00000000,yes
Corsair CMK16GX4M2A2400C14.thp,TH41,DDR4,0x74770A76,yes
Corsair CMK16GX4M2D3000C16.thp,TH40,?,,no
Corsair CMK16GX4M2Z4000C16.thp,TH41,DDR4,0x74770A76,yes
Corsair CMK64GX4M2E3200C16.thp,TH41,DDR4,0x74770A76,yes
Corsair CMW32GX4M4D3600C18.thp,TH41,DDR4,0x74770A76,yes
Corsair CMY8GX3M2B2133C9.thp,TH20,DDR3,0x00000000,yes
Crucial BL16G30C15U4B.M16FE1.thp,TH40,?,,no
Crucial BL16G30C15U4RL.M16FE.thp,TH40,?,,no
Crucial BL16G36C16U4B.M8FB1.thp,TH41,DDR4,0x917CB0A5,yes
Crucial BL16G36C16U4BL.M16FE.thp,TH41,DDR4,0x97F0AC9F,yes
Crucial BL16G36C16U4W.M16FE1.thp,TH41,DDR4,0x900D08B9,yes
Crucial BL8G36C16U4BL.M8FE1.thp,TH41,DDR4,0x97D66DDA,yes
Crucial BL8G36C16U4W.M8FE1 (1).thp,TH41,DDR4,0x97E3F079,yes
Crucial BL8G36C16U4W.M8FE1 (2).thp,TH40,?,,no
Crucial BL8G36C16U4W.M8FE1.thp,TH41,DDR4,0x917A3AF9,yes
Crucial BLE8G4D36BEEAK.M8FE1.thp,TH41,DDR4,0x95B44EB1,yes
Crucial BLM8G40C18U4B.M8FE1.thp,TH41,DDR4,0x974B8D1C,yes
Crucial BLS8G4D240FSB.16FBD2.thp,TH40,?,,no
Crucial BLS8G4D240FSBK.8FD.thp,TH40,?,,no
Crucial BLS8G4D32AESBK.M8FE1.thp,TH41,DDR4,0x961A280B,yes
Crucial BLS8G4D32AESEK.M8FE.thp,TH41,DDR4,0x949EB98A,yes
Crucial BLT8G3D1608DT1TX0..thp,TH20,DDR3,0xA804DBCF,yes
Crucial BLT8G3D1869DT1TX0..thp,TH20,DDR3,0xA70638A2,yes
Crucial CT16G4DFD8266.C16FD1.thp,TH41,DDR4,0x90530CF1,yes
Crucial CT4G4DFS8266.C8FDD2.thp,TH40,?,,no
Crucial CT8G4DFS8266.C8FD1.thp,TH40,?,,no
Crucial CT8G4DFS8266.M8FD.thp,TH40,?,,no
G.Skill F3-1600C11-8GRSL.thp,TH20,DDR3,0x00000000,yes
G.Skill F4-2400C15-8GTZR.thp,TH40,?,,no
G.Skill F4-2400C15-8GVR.thp,TH41,DDR4,0x74770A76,yes
G.Skill F4-2666C15-8GVS.thp,TH40,?,,no
G.Skill F4-3000C16-8GISB (2).thp,TH41,DDR4,0x74770A76,yes
G.Skill F4-3200C16-16GTZ.thp,TH41,DDR3,0x070071C6,yes
G.Skill F4-3200C16-16GTZN.thp,TH41,DDR4,0x74770A76,yes
G.Skill F4-3200C16-16GTZSK.thp,TH41,DDR4,0x74770A76,yes
G.Skill F4-3200C16-16GTZSW.thp,TH40,?,,no
G.Skill F4-3200C16-8GRKB.thp,TH40,?,,no
G.Skill F4-3466C18-8GTZRXB.thp,TH41,DDR4,0x74770A76,yes
G.Skill F4-3600C14-16GTZR.thp,TH40,?,,no
G.Skill F4-3600C16-16GTRS.thp,TH41,DDR4,0x74770A76,yes
G.Skill F4-3600C16-16GTZ.thp,TH41,DDR3,0x070071C6,yes
G.Skill F4-3600C16-16GTZNC.thp,TH41,DDR4,0x74770A76,yes
G.Skill F4-3600C16-16GTZR.thp,TH41,DDR4,0x74770A76,yes
G.Skill F4-3600C16-16GTZRC.thp,TH41,DDR3,0x070071C6,yes
G.Skill F4-3600C16-8GTZ.thp,TH41,DDR4,0x74770A76,yes
G.Skill F4-3600C16-8GTZNC.thp,TH41,DDR3,0x070096C6,yes
G.Skill F4-3600C19-8GVRB.thp,TH41,DDR4,0x74770A76,yes
G.Skill F4-4400C16-8GTZR.thp,TH41,DDR4,0x74770A76,yes
Hewlett-Packard 7EH64AA#ABB.thp,TH40,?,,no
JUHOR JHD2400U1708JY.thp,TH41,DDR4,0x4FB6B8FE,yes
Kingston 99U5663-007.A00G.thp,TH41,DDR4,0xDC0BB7A1,yes
Kingston KHX1600C9D3-8GX.thp,TH20,DDR3,0x6627365C,yes
Kingston KHX1866C10D3-8G.thp,TH20,DDR3,0x4C0E8268,yes
Kingston KHX2133C14D4-4G.thp,TH40,?,,no
Kingston KHX2666C13-8GX.thp,TH40,?,,no
Kingston KHX2666C15D4-8G.thp,TH40,?,,no
Kingston KHX2666C16-8G.thp,TH40,?,,no
Kingston KHX2666C16D4-4G.thp,TH40,?,,no
Kingston KHX3000C15D4-4GX.thp,TH40,?,,no
Kingston KHX3200C16D4-16GX (1).thp,TH41,DDR4,0x25BD5084,yes
Kingston KHX3200C16D4-16GX.thp,TH41,DDR4,0x5EBDD8CE,yes
Kingston KHX3200C16D4-8GX (2).thp,TH41,DDR4,0x912DB23C,yes
Kingston KHX3200C16D4-8GX.thp,TH40,?,,no
Kingston KHX3466C16D4-8GX.thp,TH40,?,,no
Kingston KHX3600C17D4-16GX.thp,TH40,?,,no
Kingston YZT.thp,TH20,?,,no
Kllisre Undefined.thp,TH40,?,,no
Micron 8JTF51264AZ-1G6E1.thp,TH20,DDR3,0x3839EBA1,yes
Nanya NT4GC64B8HG0NS-DI.thp,TH20,DDR3,0xD302136F,yes
Patriot Memory 21 3 C14 Series.thp,TH40,?,,no
Patriot Memory 2133 C14 Series.thp,TH40,?,,no
Patriot Memory 3000 C16 Series.thp,TH40,?,,no
Patriot Memory 3200 C16 Series (1).thp,TH40,?,,no
Patriot Memory 3200 C16 Series.thp,TH40,?,,no
Patriot Memory 3600 C18 Series.thp,TH41,DDR4,0x646409EE,yes
Patriot Memory PSD48G266681.thp,TH40,?,,no
Samsung M378A1K43EB2-CVF (1).thp,TH40,?,,no
Samsung M378A1K43EB2-CVF.thp,TH40,?,,no
Samsung M378B5173EB0-CK0.thp,TH20,DDR3,0x97E289B5,yes
Samsung M471A2K43BB1-CRC.thp,TH41,DDR4,0xE3313619,yes
Samsung M471B5273DH0-CK0.thp,TH20,DDR3,0xE68166AC,yes
Silicon Power SP008GLSTU160N02.thp,TH20,DDR3,0x00000000,yes
Team Group TEAMGR U -UD4-4000.thp,TH41,DDR3,0xCEC996D2,yes
Team Group TEAMGROUP-UD4- 0 0.thp,TH41,DDR3,0xCEC996D2,yes
Team Group TEAMGROUP-UD4-2400.thp,TH41,DDR4,0x7573CECC,yes
Team Group TEAMGROUP-UD4-3600.thp,TH41,DDR4,0x7573399D,yes
Undefined CT8G4DFD8213.C16FBR2.thp,TH40,?,,no
Unknown (JEDEC ID 00FFh) #.thp,TH20,?,,no
Unknown (JEDEC ID 00FFh) Undefined (1).thp,TH20,?,,no
Wilk Elektronik GR2133D464L15-16G.thp,TH40,?,,no
Wilk Elektronik GR2666D464L19S-8G.thp,TH40,?,,no
Wilk Elektronik IRX2666D464L16S-8G.thp,TH40,?,,no
Wilk Elektronik IRX3000D464L17S-8G.thp,TH40,?,,no
A-DATA AD73I1C1674EV.thp,TH20,DDR3,0x8B700500,yes
A-DATA DDR4 2666.thp,TH40,?,,no
A-DATA DDR4 3000 (1).thp,TH40,?,,no
A-DATA DDR4 3000.thp,TH41,DDR4,0xE2C10B76,yes
A-DATA DDR4 3200 (1).thp,TH40,?,,no
A-DATA DDR4 3200 (2).thp,TH40,?,,no
A-DATA DDR4 3200 (3).thp,TH40,?,,no
A-DATA DDR4 3200 (4).thp,TH41,DDR4,0x1A840B76,yes
A-DATA DDR4 3200 (5).thp,TH40,?,,no
A-DATA DDR4 3200 (6).thp,TH41,DDR4,0x73220C76,yes
A-DATA DDR4 3200 (7).thp,TH41,DDR4,0xE47E0B76,yes
A-DATA DDR4 3200 (8).thp,TH40,?,,no
A-DATA DDR4 3200.thp,TH40,?,,no
A-DATA SCOKD1B163BZ.thp,TH20,?,,no
A-DATA Undefined.thp,TH20,?,,no
AMD R748G2606U2S.thp,TH40,?,,no
Apacer 75.073AA.G00.thp,TH20,?,,no
Apacer 78.B2GCN.9K00C.thp,TH20,DDR3,0x45414364,yes
Chun Well Holding Ltd. CL16-18-18 D4-3000.thp,TH41,DDR4,0x74770A76,yes
Chun Well Holding Ltd. CL18-20-20 D4-3200.thp,TH41,DDR4,0x74770A76,yes
Corsair CMD32GX4M4B2400C10.thp,TH41,DDR4,0x74770A76,yes
Corsair CMK16GX4M2B3200C16 (5).thp,TH40,?,,no
Corsair CMK16GX4M2B3600C18.thp,TH41,DDR4,0x74770A76,yes
Corsair CMK8GX4M1A2400C16.thp,TH41,DDR4,0x74770A76,yes
Corsair CMK8GX4M1A2666C16.thp,TH41,DDR4,0x74770A76,yes
Corsair CMK8GX4M1D3000C16.thp,TH41,DDR4,0x74770A76,yes
Corsair CMSO8GX3M1C1600C11.thp,TH20,DDR3,0x00000000,yes
Corsair CMT32GX4M2K4000C19.thp,TH41,DDR4,0x74770A76,yes
Corsair CMT32GX4M4C3600C18.thp,TH41,DDR4,0x74770A76,yes
Corsair CMW16GX4M2C3200C16 (5).thp,TH40,?,,no
Corsair CMW16GX4M2C3600C18.thp,TH40,?,,no
Corsair CMW32GX4M4C3200C16.thp,TH41,DDR4,0x74770A76,yes
Corsair CMW32GX4M4C3600C18.thp,TH40,?,,no
Corsair CMW32GX4M4K4000C19.thp,TH41,DDR4,0x74770A76,yes
Corsair CMY32GX3M4A1866C9.thp,TH20,DDR3,0x00000000,yes
Crucial BL16G30C15U4RL.M16FE.thp,TH40,?,,no
Crucial BL16G32C16S4B.M16FE1.thp,TH41,DDR4,0x973A042F,yes
Crucial BL16G32C16U4B.M8FB1 (1).thp,TH41,DDR4,0x9176A190,yes
Crucial BL16G32C16U4B.M8FB1 (2).thp,TH41,DDR4,0x91762665,yes
Crucial BL16G32C16U4B.M8FB1.thp,TH41,DDR4,0x91762DF1,yes
Crucial BL16G32C16U4RL.M16FE.thp,TH40,?,,no
Crucial BL16G36C16U4R.M16FE1.thp,TH41,DDR4,0x97FED1B3,yes
Crucial BL16G36C16U4R.M8FB1 (1).thp,TH41,DDR4,0x97EAB1F3,yes
Crucial BL16G36C16U4R.M8FB1 (2).thp,TH40,?,,no
Crucial BL16G36C16U4R.M8FB1.thp,TH41,DDR4,0x97EAA395,yes
Crucial BL32G36C16U4BL.M16FB.thp,TH41,DDR4,0x97DD374C,yes
Crucial BL8G  C16U4WL.M8FE1.thp,TH40,?,,no
Crucial BL8G24C16U4B.8FB.thp,TH40,?,,no
Crucial BL8G30C15U4B.M8FE (1).thp,TH41,DDR4,0x9174DB52,yes
Crucial BL8G30C15U4B.M8FE.thp,TH40,?,,no
Crucial BL8G30C15U4W.M8FE1.thp,TH40,?,,no
Crucial BL8G32C16U4B.M8FE.thp,TH40,?,,no
Crucial BL8G32C16U4RL.M8FE.thp,TH40,?,,no
Crucial BL8G32C16U4W.M8FE1.thp,TH40,?,,no
Crucial BL8G32C16U4WL.M8FE1.thp,TH40,?,,no
Crucial BLE4G3D1869DE1TX0..thp,TH20,DDR3,0xA317F687,yes
Crucial BLE8G4D36BEEAK.M8FE1.thp,TH40,?,,no
Crucial BLS16G4D26BFS..16FD.thp,TH40,?,,no
Crucial BLS4G4D240FSB.8FBD.thp,TH40,?,,no
Crucial BLS8G4D240FSE.16FBD.thp,TH40,?,,no
Crucial BLS8G4D26BFSEK.8FD.thp,TH40,?,,no
Crucial BLS8G4D30AESBK.M8FE.thp,TH40,?,,no
Crucial BLS8G4D30AESCK.M8FE.thp,TH40,?,,no
Crucial BLS8G4D32AESCK.M8FE1.thp,TH41,DDR4,0x977B88E9,yes
Crucial CT102464BA160B.C16.thp,TH20,DDR3,0xE8AAE749,yes
Crucial CT16G4DFD832A.C16FP.thp,TH41,DDR4,0x900004DD,yes
Crucial CT4G4DFS824A.M8FE.thp,TH40,?,,no
Crucial CT4G4SFS824A.C8FF.thp,TH40,?,,no
Crucial CT4G4SFS824A.C8FG.thp,TH40,?,,no
Crucial CT8G4DFRA266.C8FN.thp,TH40,?,,no
Crucial CT8G4DFS824A.C8FDD1.thp,TH40,?,,no
Crucial CT8G4DFS8266.M8FD.thp,TH40,?,,no
Crucial CT8G4DFS8266.M8FE.thp,TH40,?,,no
Elpida EBJ21UE8BDF0-DJ-F.thp,TH20,DDR3,0x8C7B136C,yes
G.Skill 4-3200C16-8GTZR.thp,TH41,DDR4,0x74770A76,yes
G.Skill F3-12800CL9-4GBSR.thp,TH20,DDR3,0x00000000,yes
G.Skill F3-16000CL9-2GBRH.thp,TH20,DDR3,0x00000000,yes
G.Skill F3-1600C9-8GXM.thp,TH20,DDR3,0x00000000,yes
G.Skill F4-2400C17-4GIS.thp,TH41,DDR4,0x74770A76,yes
G.Skill F4-3000C16-8GISB.thp,TH40,?,,no
G.Skill F4-3000C16-8GTRS.thp,TH41,DDR4,0x74770A76,yes
G.Skill F4-3000C16-8GTZR.thp,TH41,DDR3,0x070096C6,yes
G.Skill F4-3200 16-16GTZN.thp,TH40,?,,no
G.Skill F4-3200C14-16GTZSW.thp,TH41,DDR4,0x74770A76,yes
G.Skill F4-3200C16-16GSXKB.thp,TH41,DDR4,0x74770A76,yes
G.Skill F4-3200C16-16GTRG.thp,TH41,DDR3,0x070071C6,yes
G.Skill F4-3200C16-8GTZB.thp,TH41,DDR4,0x74770A76,yes
G.Skill F4-3200C16-8GTZKW.thp,TH40,?,,no
G.Skill F4-3200C16-8GTZR.thp,TH41,DDR4,0x74770A76,yes
G.Skill F4-3600C14-8GTZN.thp,TH41,DDR4,0x74770A76,yes
G.Skill F4-3600C16-16GT(R.thp,TH41,DDR3,0x070071C6,yes
G.Skill F4-3600C16-16GTR.thp,TH41,DDR3,0x070071C6,yes
G.Skill F4-3600C16-32GVK.thp,TH41,DDR4,0x74770A76,yes
G.Skill F4-3600C17-4GVK.thp,TH41,DDR4,0x74770A76,yes
G.Skill F4-3600C18-32GTZN.thp,TH41,DDR3,0x07009604,yes
G.Skill F4-3866C18-8GTZ.thp,TH41,DDR4,0x74770A76,yes
G.Skill F4-4000C16-16GTZR.thp,TH41,DDR4,0x74770A76,yes
GeIL CL19-19-19 D4-2666.thp,TH40,?,,no
Hynix HMA41GR7AFR4N-TF.thp,TH41,DDR4,0x45E6556B,yes
Hynix HMA851S6AFR6N-UH.thp,TH41,DDR4,0x5F52B740,yes
Hynix HMA851U6AFR6N-UH.thp,TH40,?,,no
Hynix HMT125U6BFR8C-H9.thp,TH20,DDR3,0x1562DE01,yes
Hynix HMT125U6DFR8C-H9.thp,TH20,DDR3,0x0B915942,yes
Hynix HYMP112S64CP6-S6.thp,TH20,?,,no
Hynix HYMP112U64CP8-S6.thp,TH20,?,,no
Kingston 9905702-400.A00G.thp,TH40,?,,no
Kingston 99U5474-028.A00LF.thp,TH20,DDR3,0x161A163A,yes
Kingston HP26D4U9S8ME-8.thp,TH40,?,,no
Kingston HP37D4U1S8ME-8XR.thp,TH41,DDR4,0x12AA146A,yes
Kingston KHX1866C10D3-8G.thp,TH20,DDR3,0x7502D649,yes
Kingston KHX1866C9D3-8GX.thp,TH20,DDR3,0x1C311A6C,yes
Kingston KHX2133C14-8G.thp,TH40,?,,no
Kingston KHX2400C15-16G.thp,TH41,DDR4,0xC0C1EE70,yes
Kingston KHX2400C15-8G (2).thp,TH40,?,,no
Kingston KHX2400C15-8G (3).thp,TH40,?,,no
Kingston KHX2400C15-8G (4).thp,TH40,?,,no
Kingston KHX2400C15-8G (5).thp,TH40,?,,no
Kingston KHX2400C15-8G (6).thp,TH40,?,,no
Kingston KHX2400C15-8G.thp,TH40,?,,no
Kingston KHX2400C15D4-4G (1).thp,TH40,?,,no
Kingston KHX2400C15D4-4G.thp,TH41,DDR4,0x654F4BAB,yes
Kingston KHX2666C13-8GX.thp,TH40,?,,no
Kingston KHX2666C15D4-4G.thp,TH41,DDR4,0x66680B72,yes
Kingston KHX2666C16-16G (1).thp,TH40,?,,no
Kingston KHX2666C16-16G.thp,TH41,DDR4,0xF0078B1D,yes
Kingston KHX2666C16D4-16GX (1).thp,TH40,?,,no
Kingston KHX2666C16D4-16GX.thp,TH41,DDR4,0x9BF106DD,yes
Kingston KHX2666C16D4-4G.thp,TH40,?,,no
Kingston KHX2933C15D4-8GX (1).thp,TH40,?,,no
Kingston KHX2933C15D4-8GX.thp,TH41,DDR4,0x7421B35C,yes
Kingston KHX3000C15-16GX.thp,TH41,DDR4,0xCACC0FA5,yes
Kingston KHX3000C15D4-8GX.thp,TH40,?,,no
Kingston KHX3200C16D4-16GX (1).thp,TH40,?,,no
Kingston KHX3200C16D4-16GX (2).thp,TH41,DDR4,0x5D8F5A25,yes
Kingston KHX3200C16D4-16GX.thp,TH40,?,,no
Kingston KHX3200C16D4-8GX (1).thp,TH40,?,,no
Kingston KHX3200C16D4-8GX (2).thp,TH41,DDR4,0x65456CE1,yes
Kingston KHX3200C16D4-8GX (3).thp,TH40,?,,no
Kingston KHX3200C16D4-8GX.thp,TH41,DDR4,0x0158B472,yes
Kingston KHX3466C16D4-8GX.thp,TH40,?,,no
Kingston KHX3600C17D4-8GX (1).thp,TH40,?,,no
Kingston KHX3600C17D4-8GX.thp,TH40,?,,no
Kingston KHX4000C19D4-8GX.thp,TH40,?,,no
Kingston LV32D4S2S8HD-8.thp,TH41,DDR4,0x28E5BFEB,yes
Kllisre 4ATF1G64AZ-2G6H1.thp,TH40,?,,no
Kllisre D4 8G (1).thp,TH40,?,,no
Kllisre D4 8G.thp,TH40,?,,no
Micron 18ASF4G72AZ-3G2B1.thp,TH41,DDR4,0x53E885D7,yes
Micron 8ATF1G64AZ-2G6E1.thp,TH40,?,,no
Micron 9ASF2G72AZ-3G2B1.thp,TH40,?,,no
Mushkin Enhanced MFG MR[ABC]4U400JNNM8G.thp,TH41,DDR4,0x74770A76,yes
Nanya NT2GC64B88G0NS-CG.thp,TH20,DDR3,0xE8100522,yes
Neo Forza NMUD480E82-3600D.thp,TH40,?,,no
Patriot Memory 3000 C16 Series.thp,TH40,?,,no
Patriot Memory 3200 C16 Series (1).thp,TH40,?,,no
Patriot Memory 3200 C16 Series (2).thp,TH40,?,,no
Patriot Memory 3200 C16 Series (3).thp,TH40,?,,no
Patriot Memory 3200 C16 Series.thp,TH41,DDR4,0x64640835,yes
Patriot Memory 3600 C17 Series (1).thp,TH40,?,,no
Patriot Memory 3600 C17 Series.thp,TH40,?,,no
Patriot Memory 3600 C18 Series (1).thp,TH41,DDR4,0x6471094F,yes
Patriot Memory 3600 C18 Series (2).thp,TH41,DDR4,0x66460045,yes
Patriot Memory 3600 C18 Series.thp,TH41,DDR4,0x667F0A70,yes
Patriot Memory 3733 C17 Series.thp,TH41,DDR4,0x645F0BD7,yes
Patriot Memory 4133 C18 Series.thp,TH41,DDR4,0x74771041,yes
Patriot Memory 4400 C19 Series.thp,TH41,DDR4,0x64650F3C,yes
Patriot Memory PSD34G16002.thp,TH20,DDR3,0x00000000,yes
Patriot Memory PSD48G320081.thp,TH41,DDR4,0x65750DFF,yes
Samsung M378A1K43BB1-CPB.thp,TH41,DDR4,0xED43DC7E,yes
Samsung M378A1K43CB2-CTD.thp,TH40,?,,no
Samsung M378A1K43EB2-CVF.thp,TH41,DDR4,0x4D13FB62,yes
Samsung M378A2K43CB1-CTD.thp,TH40,?,,no
Samsung M378A5244CB0-CRC.thp,TH40,?,,no
Samsung M378B5273CH0-CH9.thp,TH20,DDR3,0x63004DE9,yes
Samsung M393B5170GB0-CMA.thp,TH20,DDR3,0x18CB3209,yes
Samsung M471B1G73DB0-YK0.thp,TH20,DDR3,0x3858FE99,yes
Samsung M471B2873FHS-CH9.thp,TH20,DDR3,0x6706FECC,yes
Samsung M471B5273DH0-CK0.thp,TH20,DDR3,0xE3B75258,yes
Samsung M471B5773DH0-CH9.thp,TH20,DDR3,0x9758F018,yes
Team Group TEAMGROUP-UD4-3200.thp,TH41,DDR4,0x7573D219,yes
Team Group TEAMGROUP-UD4-3600.thp,TH41,DDR4,0x757397A5,yes
Team Group TEAMGROUP-UD4-4000 (1).thp,TH41,DDR4,0x75738D83,yes
Team Group TEAMGROUP-UD4-4000.thp,TH41,DDR4,0x7573FA5B,yes
Team Group TEAMGROUP-UD4-4500.thp,TH41,DDR4,0x7573C6A9,yes
Undefined MESSBON-8G-2400Mhz.thp,TH40,?,,no
Unknown (JEDEC ID 0080h) atermiter.thp,TH40,?,,no
Unknown (JEDEC ID 7FFFh) Undefined.thp,TH41,DDR4,0x8B88F589,yes
Wilk Elektronik IR2400D464L15S-8G.thp,TH40,?,,no
Wilk Elektronik IRX2666D464L16S-8G (1).thp,TH40,?,,no
Wilk Elektronik IRX2666D464L16S-8G (2).thp,TH40,?,,no
Wilk Elektronik IRX2666D464L16S-8G (3).thp,TH40,?,,no
Wilk Elektronik IRX2666D464L16S-8G.thp,TH40,?,,no
A-DATA D R  3600 2OZ.thp,TH41,DDR3,0x07FF96FB,yes
A-DATA DDR4 3000.thp,TH40,?,,no
A-DATA DDR4 3200 (1).thp,TH40,?,,no
A-DATA DDR4 3200 (2).thp,TH40,?,,no
A-DATA DDR4 3200.thp,TH40,?,,no
A-DATA DDR4 3600 2 Z.thp,TH41,DDR3,0xF8008E04,yes
A-DATA Undefined.thp,TH41,DDR4,0x884C0A76,yes
AMD R744G2606U1S.thp,TH40,?,,no
AMD R7S48G2606U1K.thp,TH40,?,,no
AMD R948G3206U2S.thp,TH40,?,,no
Apacer D12.2324WC.002.thp,TH40,?,,no
Apacer GD2.1542WS.001.thp,TH40,?,,no
Corsair CM2X1024-9136C5D.thp,TH20,?,,no
Corsair CM3X2G1333C9.thp,TH20,DDR3,0x00000000,yes
Corsair CMD32GX4M4C3200C14C (2).thp,TH41,DDR4,0x74770A76,yes
Corsair CMD32GX4M4C3200C14C.thp,TH41,DDR4,0x74770A76,yes
Corsair CMK16GX4M2K3600C19.thp,TH40,?,,no
Corsair CMK16GX4M2K4266C16.thp,TH41,DDR4,0x74770A76,yes
Corsair CMK16GX4M2Z3600C14.thp,TH41,DDR4,0x74770A76,yes
Corsair CMK16GX4M4B3333C16.thp,TH41,DDR3,0x070071C6,yes
Corsair CMK32GX4M2E3200C16.thp,TH40,?,,no
Corsair CMK32GX4M2Z3600C18.thp,TH41,DDR4,0x74770A76,yes
Corsair CMK32GX4M4D3000C16.thp,TH41,DDR4,0x74770A76,yes
Corsair CMK8GX4M1D3000C16.thp,TH41,DDR4,0x74770A76,yes
Corsair CMW16GX4M1Z3600C18.thp,TH41,DDR4,0x74770A76,yes
Corsair CMW16GX4M2C3600C18.thp,TH41,DDR4,0x74770A76,yes
Corsair CMW16GX4M2D3600C18.thp,TH41,DDR4,0x74770A76,yes
Corsair CMW16GX4M2Z3600C18.thp,TH41,DDR4,0x74770A76,yes
Corsair CMW32GX4M2Z3200C16.thp,TH41,DDR4,0x74770A76,yes
Corsair CMW32GX4M4A2666C16.thp,TH41,DDR4,0x74770A76,yes
Corsair CMWX16GC3200C16W4.thp,TH40,?,,no
Crucial BL16G30C15U4B.M16FE1.thp,TH40,?,,no
Crucial BL32G32C16U4BL.M16FB.thp,TH40,?,,no
Crucial BL32G36C16U4B.M16FB1.thp,TH41,DDR4,0x97D54D57,yes
Crucial BL8G30C15U4BL.M8FE1.thp,TH40,?,,no
Crucial BL8G30C15U4W.M8FE1.thp,TH41,DDR4,0x9014C210,yes
Crucial BL8G32C16U4B.M8FE.thp,TH41,DDR4,0x917DEBA0,yes
Crucial BL8G32C16U4W.M8FE1.thp,TH41,DDR4,0x90189B36,yes
Crucial BL8G36C16U4W.M8FE1.thp,TH40,?,,no
Crucial BLE8G4D40BEEAK.M8FE1.thp,TH41,DDR4,0x96009808,yes
Crucial BLS16G4D32AESB.M16FE.thp,TH41,DDR4,0x977A15E1,yes
Crucial BLS4G4D240FSB.8FBD.thp,TH40,?,,no
Crucial BLS8G4D240FSA.16FADG.thp,TH41,DDR4,0xD7684414,yes
Crucial BLS8G4D30AESEK.M8FE1.thp,TH40,?,,no
Crucial BLS8G4D32AESBK.M8FE.thp,TH40,?,,no
Crucial BLS8G4D32AESBK.M8FE1.thp,TH40,?,,no
Crucial BLT8G4D26BFT4K.C8FD.thp,TH40,?,,no
Crucial BLT8G4D32AET4K.M8FE1.thp,TH41,DDR4,0x97446737,yes
Crucial CT4G4DFS824A.C8FF.thp,TH40,?,,no
Crucial CT4G4DFS824A.M8FE.thp,TH40,?,,no
Crucial CT51264BD160B.C16F.thp,TH20,DDR3,0xE0828965,yes
Crucial CT8G4DFS824A.C8FBD1.thp,TH40,?,,no
Crucial CT8G4DFS824A.M8FE.thp,TH40,?,,no
Crucial CT8G4DFS8266.C8FN.thp,TH41,DDR4,0x9725432B,yes
Crucial CT8G4SFRA32A.C8FE.thp,TH41,DDR4,0x91728F01,yes
Fujitsu F4-3600C16-16GTRSC.thp,TH20,?,,no
G.Skill F3-12800CL9-4GBXL.thp,TH20,DDR3,0x00000000,yes
G.Skill F3-17000CL11-4GBXL.thp,TH20,DDR3,0x00000000,yes
G.Skill F3-2400C10-4GTX.thp,TH20,DDR3,0x00000000,yes
G.Skill F4-2400C15-8GNS.thp,TH40,?,,no
G.Skill F4-2400C15-8GNT.thp,TH40,?,,no
G.Skill F4-2400C17-8GNT.thp,TH40,?,,no
G.Skill F4-2666C15-8GVR.thp,TH41,DDR4,0x74770A76,yes
G.Skill F4-2933C16-8GTZRX.thp,TH41,DDR3,0x070096C6,yes
G.Skill F4-3000C14-16GVR.thp,TH41,DDR4,0x74770A76,yes
G.Skill F4-3000C16-16GISB.thp,TH40,?,,no
G.Skill F4-3000C16-8GTZR.thp,TH41,DDR4,0x74770A76,yes
G.Skill F4-3200C14-16GTZN.thp,TH41,DDR3,0x070071C6,yes
G.Skill F4-3200C16-16GTZR.thp,TH40,?,,no
G.Skill F4-3200C16-8GTZRX.thp,TH41,DDR4,0x74770A76,yes
G.Skill F4-3600C16 16GT SC.thp,TH41,DDR3,0x070071C6,yes
G.Skill F4-3600C16 16GTRSC.thp,TH41,DDR3,0x070071C6,yes
G.Skill F4-3600C16-16GTRSC.thp,TH41,DDR3,0x070071C6,yes
G.Skill F4-3600C16-16GTZN (1).thp,TH41,DDR3,0x070071C6,yes
G.Skill F4-3600C16-16GTZNC (2).thp,TH40,?,,no
G.Skill F4-3600C16-8GTZKW.thp,TH41,DDR4,0x74770A76,yes
G.Skill F4-3600C17-8GTZ.thp,TH41,DDR4,0x74770A76,yes
G.Skill F4-3600C18-32GVK.thp,TH41,DDR3,0x07009604,yes
G.Skill F4-3800C14-16GTZN.thp,TH40,?,,no
G.Skill F4-4000C17-16GTZRB.thp,TH41,DDR4,0x74770A76,yes
Gloway Gloway.thp,TH20,DDR3,0x00000000,yes
Hynix HMA81GU6AFR8N-UH.thp,TH40,?,,no
Hynix HMA851U6CJR6N-UH.thp,TH40,?,,no
Hynix HMP125U6NFR8C-S6.thp,TH20,?,,no
Kingmax GLAG42F-18----------.thp,TH40,?,,no
Kingston 9905678-024.A00G (1).thp,TH40,?,,no
Kingston 9905678-024.A00G.thp,TH40,?,,no
Kingston 9905678-042.A00G.thp,TH40,?,,no
Kingston 9905702-027.A00G.thp,TH40,?,,no
Kingston 99P5474-013.A00LF.thp,TH20,DDR3,0x130229B9,yes
Kingston 99U5316-058.A00L.thp,TH20,?,,no
Kingston 99U5704-001.A00G.thp,TH41,DDR4,0x3A52AD23,yes
Kingston HP32D4U8D8HC-16XR.thp,TH41,DDR4,0x1283E0DA,yes
Kingston KHX1600C10D3-8G.thp,TH20,DDR3,0x5023357F,yes
Kingston KHX2400C15-8G (1).thp,TH40,?,,no
Kingston KHX2400C15-8G (2).thp,TH40,?,,no
Kingston KHX2400C15-8G (3).thp,TH40,?,,no
Kingston KHX2400C15-8G.thp,TH40,?,,no
Kingston KHX2666C15D4-8G.thp,TH40,?,,no
Kingston KHX2666C16-8G (1).thp,TH40,?,,no
Kingston KHX2666C16-8G (2).thp,TH41,DDR4,0xD071576A,yes
Kingston KHX2666C16-8G (3).thp,TH40,?,,no
Kingston KHX2666C16-8G.thp,TH40,?,,no
Kingston KHX2933C15D4-8GX.thp,TH40,?,,no
Kingston KHX3000C15-16GX (1).thp,TH41,DDR4,0x7F55DB51,yes
Kingston KHX3000C15-16GX (2).thp,TH40,?,,no
Kingston KHX3000C15-16GX.thp,TH41,DDR4,0x35BD06D3,yes
Kingston KHX3000C15D4-8GX (1).thp,TH40,?,,no
Kingston KHX3000C15D4-8GX.thp,TH40,?,,no
Kingston KHX3200C16D4-16GX (1) (1).thp,TH41,DDR4,0x25BD5084,yes
Kingston KHX3200C16D4-16GX (1).thp,TH41,DDR4,0x674F0254,yes
Kingston KHX3200C16D4-16GX (2).thp,TH40,?,,no
Kingston KHX3200C16D4-16GX (3).thp,TH41,DDR4,0x3A804CB3,yes
Kingston KHX3200C16D4-16GX.thp,TH41,DDR4,0x2607DF2F,yes
Kingston KHX3200C16D4-8GX (1).thp,TH41,DDR4,0xA3C74E85,yes
Kingston KHX3200C16D4-8GX (2).thp,TH40,?,,no
Kingston KHX3200C16D4-8GX (3).thp,TH40,?,,no
Kingston KHX3200C16D4-8GX (4).thp,TH40,?,,no
Kingston KHX3200C16D4-8GX (5).thp,TH41,DDR4,0x5607A466,yes
Kingston KHX3200C16D4-8GX (6).thp,TH40,?,,no
Kingston KHX3200C16D4-8GX.thp,TH40,?,,no
Kingston KHX3200C18D4-8G.thp,TH40,?,,no
Kingston KHX3600C17D4-8GX (1).thp,TH40,?,,no
Kingston KHX3600C17D4-8GX.thp,TH41,DDR4,0x35961CD8,yes
Kingston KHX3600C18D4-16GX.thp,TH41,DDR4,0x4CBD7A2F,yes
Kingston KHX3733C19D4-16GX (1).thp,TH40,?,,no
Kingston KHX3733C19D4-16GX.thp,TH40,?,,no
Kingston KHX3733C19D4-8GX.thp,TH40,?,,no
Kingston KVR648-PSB.thp,TH20,DDR3,0xDD2EA7E9,yes
Kllisre KHX1866C10D3-8G.thp,TH20,DDR3,0x522C5B37,yes
Kllisre KRE-D3U1333M-8G.thp,TH20,DDR3,0x03985621,yes
Micron 16KTF1G64HZ-1G6E1.thp,TH20,DDR3,0x12950CEC,yes
Micron AFLD38BK1P.thp,TH20,DDR3,0x00000000,yes
Nanya NT8GC64C8HB0NS-DI.thp,TH20,DDR3,0x00000000,yes
PNY Electronics 8GBH2X04H1BB31-16.thp,TH20,DDR3,0x18100000,yes
Patriot Memory 2400 C15 Series.thp,TH41,DDR4,0x74770A76,yes
Patriot Memory 3200 C16 Series (1).thp,TH41,DDR4,0x667402F1,yes
Patriot Memory 3200 C16 Series.thp,TH40,?,,no
Patriot Memory 3600 C17 Series.thp,TH40,?,,no
Patriot Memory 3600 C18 Series.thp,TH41,DDR4,0x6674084B,yes
Patriot Memory 4000 C19 Series.thp,TH40,?,,no
Patriot Memory 4133 C18 Series.thp,TH41,DDR4,0x7477104A,yes
Patriot Memory 4266 C18 Series.thp,TH41,DDR4,0x74770A76,yes
Patriot Memory PSD416G24002.thp,TH40,?,,no
Patriot Memory PSD44G240081.thp,TH40,?,,no
Patriot Memory PSD48G213381.thp,TH40,?,,no
Samsung 99P5471-016.A00LF.thp,TH20,DDR3,0x3A5E1287,yes
Samsung M378A1G43TB1-CTD.thp,TH40,?,,no
Samsung M378A1K43CB2-CTD (1).thp,TH40,?,,no
Samsung M378A1K43CB2-CTD.thp,TH40,?,,no
Samsung M378A1K43DB2-CVF.thp,TH40,?,,no
Samsung M378A1K43EB2-CVF.thp,TH40,?,,no
Samsung M393B1K70PH0-YK0.thp,TH20,DDR3,0x143BDC43,yes
Team Group TEAMGROUP-UD4-3000 (1).thp,TH40,?,,no
Team Group TEAMGROUP-UD4-3000 (2).thp,TH41,DDR4,0x7573AA78,yes
Team Group TEAMGROUP-UD4-3000.thp,TH41,DDR4,0x757342E9,yes
Team Group TEAMGROUP-UD4-3200.thp,TH40,?,,no
Team Group TEAMGROUP-UD4-3600.thp,TH41,DDR4,0x75739623,yes
Unifosa Corporation HU564403EP0200.thp,TH20,DDR3,0x00000000,yes
Unknown (JEDEC ID 00FFh) Undefined (1).thp,TH20,?,,no
Unknown (JEDEC ID 00FFh) Undefined.thp,TH20,?,,no
Unknown (JEDEC ID 150Dh) atermiter.thp,TH40,?,,no
Unknown (JEDEC ID 7FFFh) 3600 C20 Series.thp,TH41,DDR3,0x21009604,yes
Wilk Elektronik GR2666D464L19S-8G.thp,TH40,?,,no
Wilk Elektronik IRP3600D4V64L17-16G.thp,TH40,?,,no
A-DATA DDR4 300.thp,TH40,?,,no
A-DATA DDR4 3000 (1).thp,TH40,?,,no
A-DATA DDR4 3000 (2).thp,TH40,?,,no
A-DATA DDR4 3000 2OZ.thp,TH40,?,,no
A-DATA DDR4 3000.thp,TH40,?,,no
A-DATA DDR4 3200 (1).thp,TH40,?,,no
A-DATA DDR4 3200 (2).thp,TH40,?,,no
A-DATA DDR4 3200.thp,TH41,DDR4,0x586E0A76,yes
A-DATA DDR4 3600 2OZ.thp,TH41,DDR3,0x07009604,yes
A-DATA Undefined (1).thp,TH40,?,,no
A-DATA Undefined.thp,TH41,DDR4,0xF0F70876,yes
AMD R748G2606U2S.thp,TH40,?,,no
AMD R7S48G2400U2S.thp,TH40,?,,no
AMD R9S48G3206U2S.thp,TH40,?,,no
Chun Well Holding Ltd. CL16-20-20 D4-3200.thp,TH41,DDR4,0x74770A76,yes
Corsair CMD32GX4M4C3200C14C.thp,TH41,DDR4,0x74770A76,yes
Corsair CMK16GX4M2B3000C15 (1).thp,TH40,?,,no
Corsair CMK16GX4M2D3600C16.thp,TH41,DDR4,0x74770A76,yes
Corsair CMK64GX4M2E3200C16.thp,TH41,DDR4,0x74770A76,yes
Corsair CMK8GX4M1A2666C16.thp,TH41,DDR4,0x74770A76,yes
Corsair CMK8GX4M1D3000C16.thp,TH40,?,,no
Corsair CMK8GX4M2C3000C16.thp,TH41,DDR4,0x74770A76,yes
Corsair CMR16GX4M2C3600C18.thp,TH41,DDR4,0x74770A76,yes
Corsair CMW16GX4M2D3600C16.thp,TH41,DDR4,0x74770A76,yes
Corsair CMWX16GC3200C16W4.thp,TH40,?,,no
Corsair CMY32GX3M4A2400C11.thp,TH20,DDR3,0x09359803,yes
Corsair CMZ16GX3M4A1600C9.thp,TH20,DDR3,0x00000000,yes
Crucial 6G32C16U4BL.M16FE.thp,TH40,?,,no
Crucial BL16G30C15U4W.M16FE1.thp,TH40,?,,no
Crucial BL16G32C16U4BL.M16FE (1).thp,TH40,?,,no
Crucial BL16G32C16U4BL.M16FE (2).thp,TH41,DDR4,0x97D1616E,yes
Crucial BL16G32C16U4BL.M16FE.thp,TH40,?,,no
Crucial BL16G32C16U4RL.M16FE.thp,TH40,?,,no
Crucial BL16G36C16U4B.M8FB1.thp,TH41,DDR4,0x97D561AA,yes
Crucial BL16G36C16U4RL.M8FB1 (1).thp,TH40,?,,no
Crucial BL16G36C16U4RL.M8FB1.thp,TH41,DDR4,0x97EFF6C2,yes
Crucial BL32G32C16U4B.M16FB1.thp,TH41,DDR4,0x97145BF6,yes
Crucial BL32G36C16U4B.M16FB1.thp,TH41,DDR4,0x97D54295,yes
Crucial BL8G30C15U4WL.M8FE1 (1).thp,TH40,?,,no
Crucial BL8G30C15U4WL.M8FE1 (2).thp,TH40,?,,no
Crucial BL8G30C15U4WL.M8FE1.thp,TH40,?,,no
Crucial BL8G32C16U4B.M8FE (1).thp,TH41,DDR4,0x917DF1E4,yes
Crucial BL8G32C16U4B.M8FE.thp,TH40,?,,no
Crucial BL8G32C16U4R.M8FE1.thp,TH41,DDR4,0x976D1874,yes
Crucial BL8G32C16U4W.M8FE1.thp,TH41,DDR4,0x9004B772,yes
Crucial BL8G36C16U4B.M8FE1.thp,TH41,DDR4,0x97C6462E,yes
Crucial BL8G36C16U4R.M8FE1.thp,TH41,DDR4,0x917BF876,yes
Crucial BLS4G3D1609DS1S00..thp,TH20,DDR3,0x36840800,yes
Crucial BLS8G4D240FSB.16FBD.thp,TH40,?,,no
Crucial BLS8G4D30AESBK.M8FE.thp,TH40,?,,no
Crucial BLS8G4D30AESEK.M8FE.thp,TH40,?,,no
Crucial BLS8G4D32AESBK.M8FE1.thp,TH40,?,,no
Crucial BLT8G3D1608ET3LX0..thp,TH20,DDR3,0xA41EF86E,yes
Crucial BLT8G4D32AET4K.M8FE1.thp,TH41,DDR4,0x97446714,yes
Crucial CT12864AA800.M8FH.thp,TH20,?,,no
Crucial CT4G4DFS8266.C8FE.thp,TH40,?,,no
Crucial CT4G4DFS8266.M8FF.thp,TH40,?,,no
Crucial CT51264BA160B.C16F.thp,TH20,DDR3,0x00000000,yes
Crucial CT8G4DFRA266.C8FP.thp,TH40,?,,no
Essencore KD48GU880-36A180C.thp,TH41,DDR4,0x11363C57,yes
G.Skill F3-12800CL10-8GBXL.thp,TH20,DDR3,0x00000000,yes
G.Skill F3-1600C9-8GAR.thp,TH20,DDR3,0x00000000,yes
G.Skill F3-2133C11-8GZL.thp,TH20,DDR3,0x00000000,yes
G.Skill F4-2133C15-16GIS.thp,TH40,?,,no
G.Skill F4-2400C16-8GRS.thp,TH41,DDR4,0x74770A76,yes
G.Skill F4-2666C19-16GIS.thp,TH41,DDR4,0x74770A76,yes
G.Skill F4-3000C16-8GTZR.thp,TH40,?,,no
G.Skill F4-3200C15-8GVR.thp,TH41,DDR4,0x74770A76,yes
G.Skill F4-3200C16-16GVK (1).thp,TH40,?,,no
G.Skill F4-3200C16-4GRB.thp,TH41,DDR4,0x74770A76,yes
G.Skill F4-3200C16-4GVKB.thp,TH41,DDR4,0x74770A76,yes
G.Skill F4-3200C16-8GRKB.thp,TH40,?,,no
G.Skill F4-3200C16-8GTZKW.thp,TH41,DDR4,0x74770A76,yes
G.Skill F4-3200C16-8GTZR.thp,TH41,DDR3,0x070096C6,yes
G.Skill F4-3600C14-16GVK.thp,TH40,?,,no
G.Skill F4-3600C14-8GTZNB.thp,TH40,?,,no
G.Skill F4-3600C16-1.thp,TH41,DDR3,0x070071C6,yes
G.Skill F4-3600C16-16GTZNC (1).thp,TH40,?,,no
G.Skill F4-3600C17-16GTZR.thp,TH40,?,,no
G.Skill F4-3600C17-8GTZKW.thp,TH40,?,,no
G.Skill F4-3600C18-8GTZRX.thp,TH41,DDR4,0x74770A76,yes
G.Skill F4-3600C18-8GVK (2).thp,TH41,DDR4,0x74770A76,yes
G.Skill F4-3600C18-8GVK.thp,TH40,?,,no
G.Skill F4-3600C19-8GSXWB.thp,TH40,?,,no
G.Skill F4-4000C16-16GTZR.thp,TH40,?,,no
Galaxy Microsystems Undefined.thp,TH40,?,,no
GeIL CL19-19-19 D4-2666.thp,TH41,DDR4,0x74770A76,yes
Hynix HMA851U6JJR6N-VK.thp,TH41,DDR4,0x54519D3A,yes
Hynix HMT112U6BFR8C-H9.thp,TH20,DDR3,0x10A21899,yes
Hynix HMT151R7BFR4C-H9.thp,TH20,DDR3,0x0E24ED21,yes
Hynix HMT451S6MFR8A-PB.thp,TH20,DDR3,0x0F29D533,yes
Hynix HYMP112U64CP8-S6.thp,TH20,?,,no
Hynix MPPU8GBPC1600.thp,TH20,DDR3,0xFFFFFFFF,yes
Kingmax FSGG43F-D8.thp,TH20,DDR3,0x31000C4E,yes
Kingston 9905403-478.A00LF.thp,TH20,DDR3,0x2E20D136,yes
Kingston 9905429-008.A01L.thp,TH20,?,,no
Kingston 9905713-019.A00G.thp,TH40,?,,no
Kingston 99U5471-012.A00LF.thp,TH20,DDR3,0x573A5C79,yes
Kingston ACR16D3LS1KNG-4G.thp,TH20,DDR3,0xAD2C6D34,yes
Kingston HP32D4S2S1ME-8.thp,TH41,DDR4,0x89F36958,yes
Kingston KHX1600C9D3-4GX.thp,TH20,DDR3,0x781A252E,yes
Kingston KHX1866C10D3-8G (1).thp,TH20,DDR3,0x2212F6F3,yes
Kingston KHX1866C10D3-8G.thp,TH20,DDR3,0x51304257,yes
Kingston KHX1866C10D3-8GX.thp,TH20,DDR3,0x6814A5F7,yes
Kingston KHX2133C14-8G.thp,TH40,?,,no
Kingston KHX2400C15D4-4G.thp,TH40,?,,no
Kingston KHX2666C16-8G.thp,TH40,?,,no
Kingston KHX3000C15-16GX.thp,TH40,?,,no
Kingston KHX3000C15D4-4GX.thp,TH40,?,,no
Kingston KHX3000C15D4-8GX.thp,TH40,?,,no
Kingston KHX3200C16D4-16GX (1).thp,TH40,?,,no
Kingston KHX3200C16D4-16GX (2).thp,TH41,DDR4,0x548E11F9,yes
Kingston KHX3200C16D4-16GX.thp,TH41,DDR4,0x6ABD5662,yes
Kingston KHX3200C16D4-32GX.thp,TH41,DDR4,0x84FE4ACF,yes
Kingston KHX3200C16D4-8GX (1).thp,TH41,DDR4,0xB4C67A5C,yes
Kingston KHX3200C16D4-8GX (2).thp,TH41,DDR4,0xF8A458E1,yes
Kingston KHX3200C16D4-8GX (3).thp,TH41,DDR4,0xFEA3873C,yes
Kingston KHX3200C16D4-8GX (4).thp,TH40,?,,no
Kingston KHX3200C16D4-8GX (5).thp,TH41,DDR4,0x9BE44206,yes
Kingston KHX3200C16D4-8GX (6).thp,TH40,?,,no
Kingston KHX3200C16D4-8GX (7).thp,TH40,?,,no
Kingston KHX3200C16D4-8GX.thp,TH40,?,,no
Kingston KHX3200C18D4-8G (1).thp,TH41,DDR4,0x7B754758,yes
Kingston KHX3200C18D4-8G.thp,TH40,?,,no
Kingston KHX3333C16D4-8GX (1).thp,TH40,?,,no
Kingston KHX3333C16D4-8GX.thp,TH41,DDR4,0x646931BC,yes
Kingston KHX3466C16D4-16GX.thp,TH40,?,,no
Kingston KHX3466C16D4-8GX (1).thp,TH40,?,,no
Kingston KHX3466C16D4-8GX.thp,TH41,DDR4,0x8E1D0410,yes
Kingston KHX3600C17D4-16GX.thp,TH40,?,,no
Kingston KHX3600C17D4-8GX (1).thp,TH41,DDR4,0x6812736B,yes
Kingston KHX3600C17D4-8GX (2).thp,TH40,?,,no
Kingston KHX3600C17D4-8GX.thp,TH40,?,,no
Kingston KHX3733C19D4-16GX (1).thp,TH40,?,,no
Kingston KHX3733C19D4-16GX (2).thp,TH40,?,,no
Kingston KHX3733C19D4-16GX.thp,TH40,?,,no
Kingston KHX3733C19D4-8GX (1).thp,TH40,?,,no
Kingston KHX3733C19D4-8GX.thp,TH40,?,,no
Kllisre KHX1866C10D3-8G.thp,TH20,DDR3,0x522C5B2E,yes
Kllisre KRE-D3U1600M-4G.thp,TH20,DDR3,0x38363DE2,yes
Micron 4ATF51264HZ-2G3B1.thp,TH40,?,,no
Micron 8ATF1G64HZ-2G6E1.thp,TH41,DDR4,0x841BF5B8,yes
Micron AFLD44EN1P.thp,TH40,?,,no
OCPC MMX3A2K16GD432C16W.thp,TH40,?,,no
Patriot Memory 1600 CL9 Series.thp,TH20,DDR3,0x00000000,yes
Patriot Memory 2133 C14 Series.thp,TH40,?,,no
Patriot Memory 2666 C16 Series.thp,TH40,?,,no
Patriot Memory 3000 C16 Series.thp,TH40,?,,no
Patriot Memory 3600 C17 Series (2).thp,TH40,?,,no
Patriot Memory 3600 C17 Series.thp,TH40,?,,no
Patriot Memory 3733 C17 Series (1).thp,TH41,DDR4,0x756E0801,yes
Patriot Memory 3733 C17 Series.thp,TH41,DDR4,0x645F0B7E,yes
Patriot Memory 3866 C18 Series.thp,TH41,DDR4,0x74770A76,yes
Patriot Memory 4000 C19 Series.thp,TH40,?,,no
Patriot Memory 4400 C19 Series.thp,TH40,?,,no
Patriot Memory PSD44G266681.thp,TH40,?,,no
Samsung M378A1G43DB0-CPB.thp,TH41,DDR4,0x06CE1904,yes
Samsung M378A2K43BB1-CRC.thp,TH40,?,,no
Samsung M378A5244CB0-CRC.thp,TH40,?,,no
Samsung M378A5244CB0-CTD.thp,TH40,?,,no
Samsung M378B5673FH0-CH9.thp,TH20,DDR3,0x7618D00C,yes
Samsung M471A1K43CB1-CTD.thp,TH41,DDR4,0x476B291B,yes
Samsung M471A1K43DB1-CWE (1).thp,TH40,?,,no
Samsung M471A1K43DB1-CWE.thp,TH41,DDR4,0x4D193C83,yes
Samsung M471A2K43CB1-CRC.thp,TH41,DDR4,0x5144636E,yes
Samsung M471B1G73BH0-CK0.thp,TH20,DDR3,0x13BA0E12,yes
Samsung M471B1G73QH0-YK0.thp,TH20,DDR3,0x45358B9D,yes
Samsung M471B5273CH0-YK0.thp,TH20,DDR3,0x96BDBDC0,yes
TIGO Semiconductor Co. Ltd. DDR3-NB-8G-1600.thp,TH20,DDR3,0x00000000,yes
Team Group TEAMGROUP-UD4-2666.thp,TH40,?,,no
Team Group TEAMGROUP-UD4-3000.thp,TH41,DDR4,0x7573B6E0,yes
Team Group TEAMGROUP-UD4-3200.thp,TH41,DDR4,0x7573BD81,yes
Team Group TEAMGROUP-UD4-3600 (1).thp,TH41,DDR4,0x75739E19,yes
Team Group TEAMGROUP-UD4-3600.thp,TH41,DDR4,0x7573D337,yes
Team Group TEAMGROUP-UD4-4000.thp,TH41,DDR4,0x7675024C,yes
Team Group TEAMGROUP-UD4-4133.thp,TH41,DDR4,0x7573F83A,yes
Team Group TEAMGROUP-UD4-4500 (1).thp,TH41,DDR4,0x7573C7FA,yes
Team Group TEAMGROUP-UD4-4500.thp,TH41,DDR4,0x75732326,yes
Transcend Information JM2666HLB-8G.thp,TH40,?,,no
Undefined BOSHOBE 4G 1600.thp,TH20,DDR3,0x00000000,yes
Undefined QUM4U-8G2133P15.thp,TH40,?,,no
Undefined R748G2606U2S-U.thp,TH40,?,,no
Unknown (JEDEC ID 04FFh) F4-3600C14-8GTZNB.thp,TH41,DDR4,0x74770A76,yes
Unknown (JEDEC ID 0B2Bh)  .thp,TH41,DDR3,0x070071C6,yes
Unknown (JEDEC ID 1010h) Undefined.thp,TH41,?,,no
Wilk Elektronik IRP3600D4V64L17-16G.thp,TH40,?,,no
A-DATA DDR4 3000 (1).thp,TH41,DDR4,0x53E20A76,yes
A-DATA DDR4 3000 (2).thp,TH41,DDR4,0x28990B76,yes
A-DATA DDR4 3000 (3).thp,TH40,?,,no
A-DATA DDR4 3000 (4).thp,TH41,DDR4,0x75620B76,yes
A-DATA DDR4 3000.thp,TH41,DDR4,0xAFDA0A76,yes
A-DATA DDR4 3200 2OZ.thp,TH41,DDR4,0x4DFA0876,yes
A-DATA DDR4 3200.thp,TH41,DDR4,0x279C0976,yes
A-DATA DDR4 3600 (1).thp,TH41,DDR4,0x6F9E0F76,yes
A-DATA DDR4 3600.thp,TH41,DDR4,0x73CF0E76,yes
A-DATA EXTREME DDR2 800 .thp,TH20,?,,no
AMD R744G2133U1S.thp,TH40,?,,no
AMD R9S416G3000U2S.thp,TH40,?,,no
AMD R9S48G3606U2S.thp,TH40,?,,no
Asgard VMA44UI-MIC1U22T2.thp,TH40,?,,no
Avant J644GU44J2320NF.thp,TH41,DDR4,0x74771217,yes
Avexir DDR3-2666 CL11 4GB.thp,TH20,DDR3,0x00000000,yes
BIWIN Storage Co Ltd 7EH75AA#.thp,TH41,DDR4,0x74770A76,yes
Chun Well Holding Ltd. CL18-22-22 D4-3600.thp,TH41,DDR4,0x74770A76,yes
Corsair CMD16GX4M4B3000C15.thp,TH41,DDR4,0x74770A76,yes
Corsair CMH16GX4M2E3200C16.thp,TH41,DDR4,0x74770A76,yes
Corsair CMK16GX4M2A2133C13.thp,TH41,DDR4,0x74770A76,yes
Corsair CMK16GX4M2B3000C15 (2).thp,TH41,DDR4,0x74770A76,yes
Corsair CMK16GX4M2Z4000C18.thp,TH41,DDR3,0xF1F67104,yes
Corsair CMK32GX4M2B3000C15.thp,TH41,DDR4,0x74770A76,yes
Corsair CMK32GX4M2B3200C16.thp,TH41,DDR4,0x74770A76,yes
Corsair CMK32GX4M2D3000C16 (1).thp,TH41,DDR4,0x74770A76,yes
Corsair CMK32GX4M2D3000C16.thp,TH41,DDR4,0x74770A76,yes
Corsair CMK32GX4M2D3200C16.thp,TH41,DDR4,0x74770A76,yes
Corsair CMK32GX4M2D3600C18.thp,TH41,DDR4,0x74770A76,yes
Corsair CMK32GX4M2E3200C16 (2).thp,TH41,DDR4,0x74770A76,yes
Corsair CMK32GX4M2E3200C16.thp,TH41,DDR4,0x74770A76,yes
Corsair CMK32GX4M2G4000C19.thp,TH41,DDR4,0x74770A76,yes
Corsair CMK32GX4M4A2666C16.thp,TH41,DDR4,0x74770A76,yes
Corsair CMK8GX4M1E3200C16.thp,TH41,DDR4,0x74770A76,yes
Corsair CMK8GX4M2A2400C14.thp,TH41,DDR4,0x74770A76,yes
Corsair CML16GX3M2A1600C9.thp,TH20,DDR3,0x00000000,yes
Corsair CMM 6GX4M2Z4000C18.thp,TH41,DDR3,0xF1F67104,yes
Corsair CMR16GX4M2C3000C15.thp,TH41,DDR3,0x070071C6,yes
Corsair CMT16GX4M2C3600C18.thp,TH41,DDR4,0x74770A76,yes
Corsair CMT32GX4M2C3200C16.thp,TH41,DDR4,0x74770A76,yes
Corsair CMW16GX4M2C3200C16 (1).thp,TH41,DDR4,0x74770A76,yes
Corsair CMW16GX4M2Z4000C18 (1).thp,TH41,DDR3,0xF1F67104,yes
Corsair CMW16GX4M2Z4000C18.thp,TH40,?,,no
Corsair CMW32GX4M2C3000C15.thp,TH41,DDR4,0x74770A76,yes
Corsair CMW32GX4M2C3200C16.thp,TH41,DDR4,0x74770A76,yes
Corsair CMW32GX4M2D3600C18 (1).thp,TH41,DDR4,0x74770A76,yes
Corsair CMW32GX4M2D3600C18 (2).thp,TH41,DDR4,0x74770A76,yes
Corsair CMW32GX4M2D3600C18.thp,TH41,DDR3,0x070071C6,yes
Corsair CMW32GX4M2Z3600C14.thp,TH41,DDR4,0x74770A76,yes
Corsair CMY16GX3M2A2400C11.thp,TH20,DDR3,0x00000000,yes
Corsair CMY32GX3M4A2400C11.thp,TH20,DDR3,0x09359803,yes
Corsair CMZ8GX3M2A1866C9.thp,TH20,DDR3,0x00000000,yes
Crucial BL16G32C16U4R.M16FE1.thp,TH41,DDR4,0x905DA80C,yes
Crucial BL16G32C16U4W.16FE.thp,TH40,?,,no
Crucial BL16G36C16U4B.M8FB1.thp,TH41,DDR4,0x917CDA1E,yes
Crucial BL16G36C16U4R.M8FB1.thp,TH40,?,,no
Crucial BL16G36C16U4W.M16FE1.thp,TH41,DDR4,0x919AA8A2,yes
Crucial BL16G36C16U4WL.M16FE (1).thp,TH41,DDR4,0x918FB452,yes
Crucial BL16G36C16U4WL.M16FE.thp,TH41,DDR4,0x918FB38E,yes
Crucial BL32G36C16U4B.M16FB1 (1).thp,TH41,DDR4,0x918CA240,yes
Crucial BL32G36C16U4B.M16FB1.thp,TH41,DDR4,0x918CA27A,yes
Crucial BL8G26C16S4B.8FD (1).thp,TH41,DDR4,0x9734AB1A,yes
Crucial BL8G26C16S4B.8FD.thp,TH41,DDR4,0x9734AFA6,yes
Crucial BL8G30C15U4BL.M8FE1.thp,TH40,?,,no
Crucial BL8G30C15U4R.M8FE.thp,TH41,DDR4,0x9162FEE1,yes
Crucial BL8G30C15U4W.M8FE.thp,TH41,DDR4,0x917841D0,yes
Crucial BL8G32C16S4B.8FE.thp,TH41,DDR4,0x9195A5A8,yes
Crucial BL8G32C16U4B.M8FE1 (1).thp,TH41,DDR4,0x916EA892,yes
Crucial BL8G32C16U4B.M8FE1 (2).thp,TH41,DDR4,0x97627518,yes
Crucial BL8G32C16U4B.M8FE1.thp,TH41,DDR4,0x916F2A83,yes
Crucial BL8G32C16U4W.M8FE.thp,TH41,DDR4,0x97D8039B,yes
Crucial BL8G32C16U4WL.8FE.thp,TH41,DDR4,0x918F4A00,yes
Crucial BL8G36C16U4B.M8FE1.thp,TH41,DDR4,0x91A1AF16,yes
Crucial BL8G36C16U4BL.M8FE1 (1).thp,TH41,DDR3,0x07009604,yes
Crucial BL8G36C16U4BL.M8FE1.thp,TH41,DDR3,0x07009604,yes
Crucial BL8G36C16U4W.M8FE1.thp,TH41,DDR4,0x91A2285F,yes
Crucial BLE8G4D30AEEA.K16FE.thp,TH41,DDR4,0x74770A76,yes
Crucial BLE8G4D36BEEAK.M8FE1.thp,TH41,DDR4,0x9618E2D8,yes
Crucial BLM16G44C19U4B.M8FB1.thp,TH41,DDR4,0x97EC7FA6,yes
Crucial BLM16G44C19U4BL.M8FB (1).thp,TH41,DDR4,0x97FC25E7,yes
Crucial BLS4G4D26BFSC.8FB.thp,TH41,DDR4,0x95C2EEC0,yes
Crucial BLS8G4D30AESBK.M8FE.thp,TH41,DDR4,0x94952289,yes
Crucial BLS8G4D32AESCK.M8FE (1).thp,TH40,?,,no
Crucial BLS8G4D32AESCK.M8FE.thp,TH41,DDR4,0x95CE1ECA,yes
Crucial CT8G4DFS824A.M8FD.thp,TH41,DDR4,0x94CD1B3F,yes
Crucial CT8G4DFS8266.M8FE.thp,TH40,?,,no
Cuso CS3U1600C11081C.thp,TH20,DDR3,0x21281C6E,yes
DSL Memory D3SS56082XH12AA.thp,TH20,DDR3,0x170720A1,yes
Elpida EBE21UE8AFFA-8G-F.thp,TH20,?,,no
Elpida EBJ10UE8BDF0-DJ-F.thp,TH20,DDR3,0xF3C82AE2,yes
Essencore KD48GU880-32A160U.thp,TH40,?,,no
Essencore KD48GU880-36A180U.thp,TH41,DDR4,0xF3002778,yes
Essencore KD4AG 880-36A180X.thp,TH41,DDR3,0x07009604,yes
Essencore KD4AGU880-36A180X (1).thp,TH41,DDR3,0xF8FF9604,yes
Essencore KD4AGU880-36A180X.thp,TH41,DDR3,0x07009604,yes
Foxline FL2133D4U15-8G.thp,TH40,?,,no
Fujitsu F4-3600C16-8GTZNC.thp,TH20,?,,no
Fujitsu F4-4133C19-8GTZR.thp,TH20,?,,no
G.Skill 4-3600C16-16GTZNC.thp,TH41,DDR3,0x070071C6,yes
G.Skill 4-3600C18-8GTZR.thp,TH41,DDR3,0x07008EC6,yes
G.Skill F2-6400CL4-2GBPK.thp,TH20,?,,no
G.Skill F3-1600C9-8GSR.thp,TH20,DDR3,0x00000000,yes
G.Skill F4  600C16-16GTZNC.thp,TH41,DDR4,0x74770A76,yes
G.Skill F4- 800C 4-8GTZN.thp,TH40,?,,no
G.Skill F4-2666C15-8GRR.thp,TH41,DDR4,0x74770A76,yes
G.Skill F4-2800C14-16GTZ.thp,TH41,DDR4,0x74770A76,yes
G.Skill F4-3000C15-16GVR.thp,TH41,DDR4,0x74770A76,yes
G.Skill F4-3000C15-8GVR.thp,TH41,DDR4,0x74770A76,yes
G.Skill F4-3200C 6 8GTZR.thp,TH41,DDR4,0x74770A76,yes
G.Skill F4-3200C14-16GTZR (1).thp,TH41,DDR4,0x74770A76,yes
G.Skill F4-3200C14-16GVR (1).thp,TH41,DDR3,0x070071C6,yes
G.Skill F4-3200C14-8GTZRX.thp,TH41,DDR4,0x74770A76,yes
G.Skill F4-3200C16-16GIS.thp,TH41,DDR4,0x74770A76,yes
G.Skill F4-3200C16-16GTZR.thp,TH41,DDR4,0x74770A76,yes
G.Skill F4-3200C16-16GVK (1).thp,TH41,DDR4,0x74770A76,yes
G.Skill F4-3200C16-16GVK (3).thp,TH41,DDR4,0x74770A76,yes
G.Skill F4-3200C16-16GVK.thp,TH41,DDR4,0x74770A76,yes
G.Skill F4-3200C16-32GTZN.thp,TH41,DDR4,0x74770A76,yes
G.Skill F4-3200C16-8GTZ.thp,TH41,DDR4,0x74770A76,yes
G.Skill F4-3200C16-8GTZB.thp,TH41,DDR4,0x74770A76,yes
G.Skill F4-3200C16-8GTZN.thp,TH41,DDR4,0x74770A76,yes
G.Skill F4-3200C16-8GTZR.thp,TH41,DDR4,0x74770A76,yes
G.Skill F4-3200C16-8GVKB (1).thp,TH40,?,,no
G.Skill F4-3200C22-32GRS.thp,TH41,DDR4,0x74056B02,yes
G.Skill F4-3600C 6-8G ZNC.thp,TH41,DDR3,0x070096C6,yes
G.Skill F4-3600C14-16GTZR.thp,TH41,DDR3,0x070071C6,yes
G.Skill F4-3600C16 8GTZ C.thp,TH41,DDR3,0x070096C6,yes
G.Skill F4-3600C16-32GTZN.thp,TH41,DDR4,0x74770A76,yes
G.Skill F4-3600C16-32GVK.thp,TH41,DDR4,0x74770A76,yes
G.Skill F4-3600C16-8GTZN.thp,TH41,DDR4,0x74770A76,yes
G.Skill F4-3600C16-8GTZNC (2).thp,TH41,DDR3,0x070096C6,yes
G.Skill F4-3600C16-8GTZNC.thp,TH41,DDR3,0x07FF8EC6,yes
G.Skill F4-3600C17-16GTZR.thp,TH41,DDR4,0x74770A76,yes
G.Skill F4-3600C17-8GTZR.thp,TH41,DDR4,0x74770A76,yes
G.Skill F4-3600C18-16GTZN.thp,TH41,DDR4,0x74770A76,yes
G.Skill F4-3600C18-32GTRS.thp,TH41,DDR4,0x74770A76,yes
G.Skill F4-3600C18-32GTZN (1).thp,TH41,DDR4,0x74770A76,yes
G.Skill F4-3600C18-32GVK.thp,TH41,DDR4,0x74770A76,yes
G.Skill F4-3600C18-8GT R.thp,TH41,DDR3,0x070096C6,yes
G.Skill F4-3600C18-8GTZR.thp,TH41,DDR3,0x070096C6,yes
G.Skill F4-3600C19-16GTRS.thp,TH41,DDR4,0x74770A76,yes
G.Skill F4-3600C19-8GSXWB.thp,TH41,DDR4,0x74770A76,yes
G.Skill F4-3800C18-32GTZN.thp,TH41,DDR4,0x74770A76,yes
G.Skill F4-4000C14-16GTZN.thp,TH41,DDR4,0x74770A76,yes
G.Skill F4-4000C15-8GTZR.thp,TH41,DDR4,0x74770A76,yes
G.Skill F4-4000C16- 6GTZNA.thp,TH41,DDR3,0x070071C6,yes
G.Skill F4-4000C16-16GTRSA.thp,TH41,DDR4,0x74770A76,yes
G.Skill F4-4000C17-16GTZRB (1).thp,TH41,DDR3,0x070071C6,yes
G.Skill F4-4000C17-16GTZRB.thp,TH41,DDR3,0x070071C6,yes
G.Skill F4-4000C18-16GVK.thp,TH41,DDR4,0x74770A76,yes
G.Skill F4-4000C18-32GTZR.thp,TH41,DDR4,0x74770A76,yes
G.Skill F4-4000C19-16GTZR.thp,TH41,DDR4,0x74770A76,yes
G.Skill F4-4000C19-8GTZKW.thp,TH41,DDR4,0x74770A76,yes
G.Skill F4-4133C19-8GTZSWC.thp,TH41,DDR4,0x74770A76,yes
G.Skill F4-4266C16-16GVK.thp,TH41,DDR4,0x74770A76,yes
G.Skill F4-4266C17-16GVKB.thp,TH41,DDR4,0x74770A76,yes
G.Skill F4-4266C19-8GTZR.thp,TH41,DDR4,0x74770A76,yes
G.Skill F4-4400C17-16GVK.thp,TH41,DDR4,0x74770A76,yes
G.Skill F4-4600C19-8GVKE.thp,TH41,DDR4,0x74770A76,yes
G.Skill F4-4800C19-8GVKC.thp,TH41,DDR4,0x74770A76,yes
GeIL CL4-4-4DDR2800  5.thp,TH20,?,,no
GeIL CL9-9-9 D3-1600.thp,TH20,DDR3,0x00000000,yes
GoldKey NMUD416E86-3200D.thp,TH41,DDR4,0x75613877,yes
GoldKey NMUD480E82-3600D.thp,TH41,DDR4,0x757F3C77,yes
Hua Nan San Xian Co Ltd HNMI8GD4240D0.thp,TH41,DDR4,0x82353438,yes
Hynix HMA851S6JJR6N-VK.thp,TH40,?,,no
Hynix HYMD532M646CP6J.thp,TH20,?,,no
Hynix HYMP512U64CP8-Y5.thp,TH20,?,,no
J&A Information Inc Undefined.thp,TH41,DDR4,0x74770A76,yes
Kingston 9905403-439.A00LF.thp,TH20,DDR3,0x82283760,yes
Kingston 9905474-019.A00LF.thp,TH20,DDR3,0x262CAC0A,yes
Kingston 9965745-027.A00G.thp,TH40,?,,no
Kingston 99U5403-124.A00LF.thp,TH20,DDR3,0x570BB915,yes
Kingston 99U5469-045.A00LF.thp,TH20,DDR3,0x04089534,yes
Kingston 99U5471-020.A00LF.thp,TH20,DDR3,0x1C295C39,yes
Kingston 99U5584-010.A00LF.thp,TH20,DDR3,0x9C29B272,yes
Kingston 99U5663-006.A00G.thp,TH41,DDR4,0xD2EA4CA7,yes
Kingston HX432C16PB3-8.thp,TH41,DDR4,0x73F783FC,yes
Kingston KF3200C16D4-16GX (1).thp,TH41,DDR4,0xA1D806BB,yes
Kingston KF3200C16D4-16GX.thp,TH41,DDR4,0x90FC08F7,yes
Kingston KF3200C16D4-8GX (1).thp,TH40,?,,no
Kingston KF3200C16D4-8GX.thp,TH41,DDR4,0x95D9C20C,yes
Kingston KHX1600C10D3-8G.thp,TH20,DDR3,0x680E3D36,yes
Kingston KHX1866C10D3-4G.thp,TH20,DDR3,0x6E1E353E,yes
Kingston KHX1866C9D3-4GX.thp,TH20,DDR3,0x7217DE0E,yes
Kingston KHX2133C11S3L-8G.thp,TH20,DDR3,0x4A37D203,yes
Kingston KHX2133C14-8G.thp,TH41,DDR4,0xD0678AAC,yes
Kingston KHX2400C11D3-8GX.thp,TH20,DDR3,0x4F105E51,yes
Kingston KHX2400C15-8G (1).thp,TH40,?,,no
Kingston KHX2400C15-8G (2).thp,TH41,DDR4,0xC10317F3,yes
Kingston KHX2400C15-8G.thp,TH40,?,,no
Kingston KHX2666C15D4-4G.thp,TH41,DDR4,0x3A70B021,yes
Kingston KHX2666C15D4-8G.thp,TH41,DDR4,0x9D64128E,yes
Kingston KHX2666C16-8G.thp,TH41,DDR4,0x7F7A387F,yes
Kingston KHX2933C17S4-16G.thp,TH41,DDR4,0xB2E45B58,yes
Kingston KHX3200C16D4-16GX (1).thp,TH41,DDR4,0x358E1F55,yes
Kingston KHX3200C16D4-16GX (2).thp,TH41,DDR4,0xF00D46B4,yes
Kingston KHX3200C16D4-16GX.thp,TH41,DDR4,0xADFB31BF,yes
Kingston KHX3200C16D4-32GX.thp,TH41,DDR4,0xC4DDE2CC,yes
Kingston KHX3200C16D4-8GX (2).thp,TH40,?,,no
Kingston KHX3200C16D4-8GX (3).thp,TH41,DDR4,0xCCC85C33,yes
Kingston KHX3200C16D4-8GX.thp,TH41,DDR4,0x6045FDDA,yes
Kingston KHX3200C20S4-32GX.thp,TH41,DDR4,0xADE14DAE,yes
Kingston KHX3600C17D4-16GX (1).thp,TH41,DDR4,0x59B81353,yes
Kingston KHX3600C17D4-16GX (2).thp,TH41,DDR4,0xF1107400,yes
Kingston KHX3600C17D4-16GX.thp,TH41,DDR4,0x623F87AA,yes
Kingston KHX3600C18D4-16GX.thp,TH41,DDR4,0x90D42462,yes
Kingston KHX3600C18D4-32GX (1).thp,TH41,DDR3,0x070096D2,yes
Kingston KHX3600C18D4-32GX.thp,TH41,DDR4,0x2AA79C91,yes
Kingston KHX3733C19D4-16GX.thp,TH41,DDR4,0x359976A5,yes
Kingston KHX3733C19D4-8GX.thp,TH41,DDR4,0x5DAF8BE0,yes
Kingston KHX4000C19D4-8GX (1).thp,TH41,DDR3,0x070096D2,yes
Kingston KHX4000C19D4-8GX.thp,TH41,DDR3,0x070096D2,yes
Kllisre KRE-D3U1600M-8G.thp,TH20,DDR3,0xC9040D32,yes
MicSys 4133 C19 Series (1).thp,TH41,DDR4,0x74770A76,yes
MicSys 4133 C19 Series.thp,TH40,?,,no
Micron 16ATF2G64HZ-2G1A1.thp,TH40,?,,no
Micron 18JSF1G72AZ-1G6E1.thp,TH20,DDR3,0xDEC72E77,yes
Micron 18JSF1G72AZ-1G9E1.thp,TH20,DDR3,0xEAAB09CA,yes
Micron 36ASF2G72PZ-2G1B1.thp,TH40,?,,no
Micron 8ATF1G64HZ-3G2J1.thp,TH41,DDR4,0x511EC4B2,yes
Micron 8HTF12864AY-800J1.thp,TH20,?,,no
Mushkin Enhanced MFG MR[A-B]4U360JNNM16G.thp,TH41,DDR4,0x74770A76,yes
Nanya NT2GC64B88B0NS-CG.thp,TH20,DDR3,0x94762213,yes
Nanya NT8GC72B4NB1NK-CG.thp,TH20,DDR3,0x9D6C2D63,yes
PNY Electronics 8GBF1X08QFHH36-135-K.thp,TH41,DDR4,0x74770A76,yes
Patriot Memory 3200 C16 Series (3).thp,TH41,DDR4,0x74770A76,yes
Patriot Memory 3200 C16 Series (5).thp,TH41,DDR4,0x645F0B31,yes
Patriot Memory 3200 C16 Series (6).thp,TH40,?,,no
Patriot Memory 3200 C16 Series (7).thp,TH41,DDR4,0x74770B0B,yes
Patriot Memory 3200 C16 Series (8).thp,TH40,?,,no
Patriot Memory 3200 C16 Series.thp,TH41,DDR4,0x74770A76,yes
Patriot Memory 3400 C16 Series.thp,TH40,?,,no
Patriot Memory 3600 C18 Series.thp,TH41,DDR4,0x64540A48,yes
Patriot Memory 3733 C17 Series.thp,TH41,DDR4,0x76730A44,yes
Patriot Memory 4000 C19 Series (1).thp,TH41,DDR4,0x747715E8,yes
Patriot Memory 4000 C19 Series (2).thp,TH40,?,,no
Patriot Memory 4000 C19 Series (3).thp,TH41,DDR3,0x070071C6,yes
Patriot Memory 4000 C20 Series.thp,TH41,DDR4,0x70540A53,yes
Patriot Memory 4133 C19 Series.thp,TH41,DDR4,0x74770A76,yes
Patriot Memory 4400 C19 Series (1).thp,TH41,DDR4,0x74770A76,yes
Patriot Memory 4400 C19 Series.thp,TH41,DDR4,0x66660361,yes
Patriot Memory PSD416G32002.thp,TH41,DDR4,0x77610B9B,yes
Patriot Memory PSD44G266681.thp,TH41,DDR4,0x66600968,yes
Samsung GMT4G08SCL116P-PBA.thp,TH20,DDR3,0xFA120000,yes
Samsung M378A1K43BB2-CRC.thp,TH40,?,,no
Samsung M378A1K43CB2-CTD.thp,TH40,?,,no
Samsung M378A1K43DB2-CTD.thp,TH41,DDR4,0x43D8BBB3,yes
Samsung M378A2G43AB3-CWE.thp,TH41,DDR4,0x6D3FAA7A,yes
Samsung M378A4G43MB1-CTD.thp,TH41,DDR4,0x77C7A692,yes
Samsung M378A5143EB1-CPB.thp,TH40,?,,no
Samsung M378B1G73EB0-CK0.thp,TH20,DDR3,0x17AC7638,yes
Samsung M378B5273DH0-CH9.thp,TH20,DDR3,0x9643B0DB,yes
Samsung M391B5273DH0-CK0.thp,TH20,DDR3,0x3553A6CA,yes
Samsung M471A1G43DB0-CPB (1).thp,TH41,DDR4,0x61EE8C7F,yes
Samsung M471A1G43DB0-CPB.thp,TH41,DDR4,0xEC370587,yes
Samsung M471A1K43DB1-CTD.thp,TH41,DDR4,0x47BD0D3D,yes
Samsung M471A1K43DB1-CWE.thp,TH40,?,,no
Samsung M471A2K43DB1-CWE.thp,TH41,DDR4,0x63E7CDEF,yes
Samsung M471A5244CB0-CRC (1).thp,TH40,?,,no
Samsung M471A5244CB0-CRC.thp,TH41,DDR4,0xEC1878C2,yes
Samsung M471A5244CB0-CWE.thp,TH41,DDR4,0x355FA792,yes
Samsung M471B5173QH0-YK0.thp,TH20,DDR3,0x36A4230A,yes
Samsung M471B5273CH0-CH9.thp,TH20,DDR3,0x008E57B7,yes
Team Group TEAMGROUP-UD4-2666.thp,TH41,DDR4,0x75731AFD,yes
Team Group TEAMGROUP-UD4-3000 (1).thp,TH41,DDR4,0x75730E67,yes
Team Group TEAMGROUP-UD4-3000.thp,TH41,DDR4,0x7775121E,yes
Team Group TEAMGROUP-UD4-3200 (1).thp,TH40,?,,no
Team Group TEAMGROUP-UD4-3200.thp,TH41,DDR4,0x7573C13A,yes
Team Group TEAMGROUP-UD4-3600 (1).thp,TH41,DDR4,0x75D30E72,yes
Team Group TEAMGROUP-UD4-3600 (2).thp,TH41,DDR4,0x75735382,yes
Team Group TEAMGROUP-UD4-3600 (3).thp,TH41,DDR4,0x75738BBB,yes
Team Group TEAMGROUP-UD4-3600 (4).thp,TH41,DDR3,0xCEC971D2,yes
Team Group TEAMGROUP-UD4-3600 (5).thp,TH41,DDR4,0x75739FD7,yes
Team Group TEAMGROUP-UD4-3600.thp,TH41,DDR4,0x75D30330,yes
Team Group TEAMGROUP-UD4-4500.thp,TH41,DDR4,0x757357F2,yes
Team Group Team-Elite-2400.thp,TH41,DDR4,0x75739633,yes
Team Group Xtreem-LV-2666.thp,TH20,DDR3,0x00000000,yes
Undefined E30143A.thp,TH20,DDR3,0x001C64A7,yes
Undefined Undefined (1).thp,TH20,?,,no
Undefined Undefined.thp,TH41,DDR4,0x757365E2,yes
Unknown (JEDEC ID 00FFh) Undefined (3).thp,TH20,?,,no
Unknown (JEDEC ID 00FFh) Undefined (4).thp,TH20,?,,no
Unknown (JEDEC ID 0B94h) EAGET-2666MHZ-16G.thp,TH40,?,,no
Unknown (JEDEC ID 1636h) 6 6&.thp,TH41,DDR3,0x07FF9634,yes
Unknown (JEDEC ID 7FFFh) 3600 C20 Series (1).thp,TH41,DDR4,0x74770A42,yes
Unknown (JEDEC ID 7FFFh) 3600 C20 Series.thp,TH41,DDR4,0x74770A43,yes
Wilk Elektronik IR2400D464L15S-4G.thp,TH41,DDR4,0x74770A76,yes
Wilk Elektronik IRP3600D4V64L17S-8G.thp,TH41,DDR4,0x74770A76,yes
Wilk Elektronik IRP3600D4V64L18-16G.thp,TH41,DDR4,0x74770A76,yes
Wilk Elektronik IRX3200D464L16A-16G.thp,TH40,?,,no
A-DATA AD4S3200J4G22-B.thp,TH41,DDR4,0x7B4A0A76,yes
A-DATA AD73I1C1674EV.thp,TH20,DDR3,0x0001EDD8,yes
A-DATA DDR4 2666 2OZ.thp,TH41,DDR4,0xE1020A76,yes
A-DATA DDR4 2666.thp,TH41,DDR4,0xE6490876,yes
A-DATA DDR4 3000 (1).thp,TH41,DDR4,0x41B30A76,yes
A-DATA DDR4 3000.thp,TH41,DDR3,0x07009604,yes
A-DATA DDR4 3200 (1).thp,TH41,DDR4,0xEF5E0B76,yes
A-DATA DDR4 3200 (2).thp,TH41,DDR4,0xE3290E76,yes
A-DATA DDR4 3200.thp,TH40,?,,no
A-DATA DDR4 3600 2OZ.thp,TH41,DDR4,0xED140976,yes
A-DATA Undefined.thp,TH41,DDR4,0x42250876,yes
AMD AE34G1601U1.thp,TH20,DDR3,0x00000000,yes
AMD R332G1339U1S.thp,TH20,DDR3,0x00000000,yes
AMD R538G1601U2S (2).thp,TH20,DDR3,0x00000000,yes
AMD R538G1601U2S-UGO.thp,TH20,DDR3,0x00000000,yes
AMD R538G1601U2S.thp,TH20,DDR3,0x00000000,yes
AMD R748G2606U2S.thp,TH41,DDR4,0x74770A76,yes
AMD R9S416G3206U2S.thp,TH41,DDR4,0x74770A76,yes
ASint SLB304G08-EGN6B.thp,TH20,DDR3,0x000000CD,yes
Apacer D12.2356WS.001.thp,TH40,?,,no
Apacer GD2.2227CS.002.thp,TH41,DDR4,0x71E51A37,yes
Chun Well Holding Ltd. CL19-19-19 D4-2666.thp,TH41,DDR4,0x74770A76,yes
Chun Well Holding Ltd. D4U1632160.thp,TH41,DDR4,0x74770A76,yes
Corsair CMD32GX4M2A2666C15.thp,TH41,DDR4,0x74770A76,yes
Corsair CMD32GX4M2B2800C14.thp,TH41,DDR4,0x74770A76,yes
Corsair CMD64GX4M4A2666C15.thp,TH41,DDR4,0x74770A76,yes
Corsair CMD8GX3M2B2133C9.thp,TH20,DDR3,0x00000000,yes
Corsair CMG64GX4M2D3600C18.thp,TH41,DDR4,0x74770A76,yes
Corsair CMH16GX4M2Z3600C16.thp,TH41,DDR4,0x74770A76,yes
Corsair CMK16GX4M2B3200C16 (1).thp,TH41,DDR3,0x070071C6,yes
Corsair CMK16GX4M2D3600C18.thp,TH41,DDR4,0x74770A76,yes
Corsair CMK16GX4M2F4600C19.thp,TH41,DDR4,0x74770A76,yes
Corsair CMK16GX4M2G4000C16.thp,TH41,DDR3,0x070071C6,yes
Corsair CMK16GX4M2Z3600C18.thp,TH41,DDR4,0x74770A76,yes
Corsair CMK32GX4M2A2400C14.thp,TH41,DDR4,0x74770A76,yes
Corsair CMK32GX4M2E3200C16 (1).thp,TH41,DDR4,0x74770A76,yes
Corsair CMK32GX4M4A2666C16.thp,TH41,DDR4,0x74770A76,yes
Corsair CMK64GX4M4B3200C16.thp,TH41,DDR4,0x74770A76,yes
Corsair CMK64GX4M4B3333C16.thp,TH41,DDR3,0x070071C6,yes
Corsair CMK8GX4M2A2133C13.thp,TH41,DDR4,0x74770A76,yes
Corsair CMK8GX4M2B3600C18.thp,TH41,DDR4,0x74770A76,yes
Corsair CML16GX3M4A1600C9.thp,TH20,DDR3,0x00000000,yes
Corsair CMN32GX4M2Z36 0 16.thp,TH41,DDR4,0x74770A76,yes
Corsair CMN32GX4M2Z3600C16 (1).thp,TH41,DDR3,0xF1F67104,yes
Corsair CMN32GX4M2Z3600C16.thp,TH41,DDR3,0xF1F67104,yes
Corsair CMR16GX4M2C3466C16.thp,TH41,DDR4,0x74770A76,yes
Corsair CMSX16GX3M2B1866C1.thp,TH20,DDR3,0x00000000,yes
Corsair CMSX8GX3M1A1600C10.thp,TH20,DDR3,0x00000000,yes
Corsair CMT32GX4M2C3466C16.thp,TH41,DDR4,0x74770A76,yes
Corsair CMT32GX4M2E3200C16.thp,TH41,DDR3,0x070071C6,yes
Corsair CMT32GX4M4K3600C16.thp,TH41,DDR4,0x74770A76,yes
Corsair CMW16GX4M2 3600C18.thp,TH41,DDR4,0x74770A76,yes
Corsair CMW16GX4M2D3600C18.thp,TH41,DDR4,0x74770A76,yes
Corsair CMW16GX4M2Z3600C18.thp,TH41,DDR4,0x74770A76,yes
Corsair CMW32GX4M2E3200C16.thp,TH41,DDR3,0x070071C6,yes
Corsair CMW64GX4M4K3600C18.thp,TH41,DDR4,0x74770A76,yes
Corsair CMX6GX3M3A1600C9.thp,TH20,DDR3,0x00000000,yes
Corsair CMX8GX3M2A1600C9.thp,TH20,DDR3,0x00000000,yes
Corsair CMX8GX3M2A2000C9.thp,TH20,DDR3,0x00000000,yes
Crucial B 1 G36C16 4RL.M16 E.thp,TH40,?,,no
Crucial BL16G30C15U4B.M16FE.thp,TH41,DDR4,0x916B02B6,yes
Crucial BL16G32C16S4B.16FE.thp,TH41,DDR4,0x9272CF9A,yes
Crucial BL16G32C16U4BL.16FE.thp,TH41,DDR4,0x919B7440,yes
Crucial BL16G32C16U4BL.M8FB1.thp,TH41,DDR4,0x97D09B03,yes
Crucial BL16G32C16U4W.M16FE.thp,TH41,DDR4,0x917ED0A5,yes
Crucial BL16G32C16U4W.M16FE1 (1).thp,TH40,?,,no
Crucial BL16G32C16U4W.M16FE1.thp,TH40,?,,no
Crucial BL16G32C16U4W.M8FB1.thp,TH40,?,,no
Crucial BL16G36 16U4WL.M8FB1.thp,TH41,DDR4,0x91ABF20B,yes
Crucial BL16G36C16U4B.M8FB1.thp,TH41,DDR4,0x97BC054F,yes
Crucial BL16G36C16U4BL.M8FB1.thp,TH41,DDR4,0x91AB4614,yes
Crucial BL16G36C16U4R.M16FE1 (1).thp,TH41,DDR4,0x918C4DD0,yes
Crucial BL16G36C16U4R.M16FE1.thp,TH40,?,,no
Crucial BL16G36C16U4R.M8FB1 (1).thp,TH41,DDR4,0x97EAACCC,yes
Crucial BL16G36C16U4R.M8FB1.thp,TH40,?,,no
Crucial BL16G36C16U4RL.M16FE.thp,TH40,?,,no
Crucial BL16G36C16U4WL.M8FB1.thp,TH41,DDR4,0x91ABF804,yes
Crucial BL32G36C16U4B.M16FB1.thp,TH41,DDR4,0x97B0A059,yes
Crucial BL32G36C16U4BL.M16FB.thp,TH41,DDR4,0x97BC9117,yes
Crucial BL8G32C16S4B.M8FE1.thp,TH41,DDR4,0x9195BC31,yes
Crucial BL8G32C16U4B.8FE.thp,TH40,?,,no
Crucial BL8G32C16U4B.M8FE (1).thp,TH41,DDR4,0x91468ABD,yes
Crucial BL8G32C16U4B.M8FE.thp,TH41,DDR4,0x9027BA57,yes
Crucial BL8G32C16U4B.M8FE1 (1).thp,TH41,DDR4,0x916BF429,yes
Crucial BL8G32C16U4B.M8FE1.thp,TH41,DDR4,0x90019470,yes
Crucial BL8G32C16U4BL.M8FE1.thp,TH41,DDR4,0x97497FCB,yes
Crucial BL8G36C16U4B.M8FE1 (1).thp,TH41,DDR4,0x91A741CF,yes
Crucial BL8G36C16U4B.M8FE1 (2).thp,TH40,?,,no
Crucial BL8G36C16U4B.M8FE1 (3).thp,TH41,DDR4,0x918299C0,yes
Crucial BL8G36C16U4B.M8FE1.thp,TH41,DDR4,0x918103D7,yes
Crucial BL8G36C16U4BL.M8FE1.thp,TH41,DDR4,0x97CC3399,yes
Crucial BL8G36C16U4R.M8FE1.thp,TH41,DDR4,0x97F0BDDA,yes
Crucial BLE8G4D40BEEAK.M8FE1.thp,TH41,DDR4,0x96036C8B,yes
Crucial BLM16G40C18U4B.M8FB1 (1).thp,TH41,DDR4,0x973AE5CF,yes
Crucial BLM16G40C18U4B.M8FB1.thp,TH41,DDR4,0x973AE587,yes
Crucial BLM16G44C19U4B.M8FB1.thp,TH41,DDR4,0x97FC1EFA,yes
Crucial BLM8G44C19U4BL.M8FE1.thp,TH41,DDR4,0x97DACDB8,yes
Crucial BLS8G4D30AESBK.M8FE (1).thp,TH41,DDR4,0x95B53ADB,yes
Crucial BLS8G4D30AESBK.M8FE.thp,TH41,DDR4,0x94A9AB94,yes
Crucial BLS8G4D30AESCK.M8FE.thp,TH41,DDR4,0x9692E1AF,yes
Crucial BLS8G4D32AESBK.M8FE1.thp,TH41,DDR4,0x961A15DF,yes
Crucial CB4GU2666.C8FT.thp,TH41,DDR4,0x9189CF35,yes
Crucial CT102464BF186D.M16.thp,TH20,DDR3,0x00000000,yes
Crucial CT16G4SFD824A.C16FBD.thp,TH41,DDR4,0x61705D4E,yes
Crucial CT8G4DFS824A.C8FHD1.thp,TH41,DDR4,0x9554B860,yes
Crucial CT8G4DFS824A.M8FE.thp,TH41,DDR4,0x94BD3095,yes
Crucial CT8G4SFS8213.C8FDR1.thp,TH41,DDR4,0xD7517398,yes
Elpida EBJ40UG8BBU0-GN-F (1).thp,TH20,DDR3,0x7D5B21E9,yes
Elpida EBJ40UG8BBU0-GN-F.thp,TH20,DDR3,0xFB8D1859,yes
Essencore KD4AGU880-32A1 0W.thp,TH41,DDR4,0xEAD7047F,yes
G.Skill 4-4800C20-16GTEG.thp,TH41,DDR3,0x07009604,yes
G.Skill F -3200C14-16GTZR.thp,TH41,DDR4,0x74770A76,yes
G.Skill F3-10666CL7-2GBXH.thp,TH20,DDR3,0x434E06DB,yes
G.Skill F3-16000CL9-2GBTD.thp,TH20,DDR3,0x00000000,yes
G.Skill F3-17000CL9-4GBSR.thp,TH20,DDR3,0x00000000,yes
G.Skill F4-2666C19-32GTRS.thp,TH40,?,,no
G.Skill F4-2933C14-8GTZRX.thp,TH41,DDR4,0x74770A76,yes
G.Skill F4-3000C14-8GTZR.thp,TH41,DDR4,0x74770A76,yes
G.Skill F4-3000C16-16GISB.thp,TH41,DDR4,0x74770A76,yes
G.Skill F4-3000C16-16GVRB.thp,TH41,DDR4,0x74770A76,yes
G.Skill F4-3000C16-8GTZR.thp,TH41,DDR3,0x070096C6,yes
G.Skill F4-3200C14-16GFX (1).thp,TH41,DDR4,0x74770A76,yes
G.Skill F4-3200C14-16GTZN.thp,TH41,DDR3,0x070071C6,yes
G.Skill F4-3200C14-8GTZSK.thp,TH41,DDR4,0x74770A76,yes
G.Skill F4-3200C15-16GVK.thp,TH41,DDR4,0x74770A76,yes
G.Skill F4-3200C16-16GSXKB.thp,TH41,DDR4,0x74770A76,yes
G.Skill F4-3200C16-16GTZ.thp,TH41,DDR4,0x74770A76,yes
G.Skill F4-3200C16-16GTZKW.thp,TH41,DDR4,0x74770A76,yes
G.Skill F4-3200C16-16GVK (2).thp,TH41,DDR3,0x070071C6,yes
G.Skill F4-3200C16-16GVK.thp,TH41,DDR4,0x74770A76,yes
G.Skill F4-3200C16-64GTZSK.thp,TH41,DDR4,0x74770A76,yes
G.Skill F4-3200C16-8GSXFB.thp,TH41,DDR4,0x74770A76,yes
G.Skill F4-3200C16-8GTRS.thp,TH41,DDR4,0x74770A76,yes
G.Skill F4-3200C18-16GRS (1).thp,TH41,DDR4,0x74E77F35,yes
G.Skill F4-3200C18-16GRS.thp,TH41,DDR4,0x74E77F32,yes
G.Skill F4-3400C16-8GVK.thp,TH41,DDR4,0x74770A76,yes
G.Skill F4-36 0C17-8GTZR.thp,TH40,?,,no
G.Skill F4-3600C14-16GTRG.thp,TH41,DDR3,0x070071C6,yes
G.Skill F4-3600C14-16GTZR (1).thp,TH41,DDR4,0x74770A76,yes
G.Skill F4-3600C14-16GTZR (2).thp,TH41,DDR3,0x070071C6,yes
G.Skill F4-3600C14-16GTZR.thp,TH41,DDR4,0x74770A76,yes
G.Skill F4-3600C14-16GTZRA.thp,TH41,DDR4,0x74770A76,yes
G.Skill F4-3600C16-16GTESC.thp,TH41,DDR4,0x74770A76,yes
G.Skill F4-3600C16-16GTZR (1).thp,TH40,?,,no
G.Skill F4-3600C16-32GTZR.thp,TH40,?,,no
G.Skill F4-3600C16-8GTZNC.thp,TH41,DDR3,0x070096C6,yes
G.Skill F4-3600C16-8GTZR.thp,TH41,DDR3,0x070096C6,yes
G.Skill F4-3600C17-8GTZR.thp,TH40,?,,no
G.Skill F4-3600C18-16GTZN.thp,TH41,DDR4,0x74770A76,yes
G.Skill F4-3600C18-8GTZN.thp,TH41,DDR4,0x74770A76,yes
G.Skill F4-3600C18-8GTZR.thp,TH41,DDR3,0x070096C6,yes
G.Skill F4-3600C18-8GTZRX (1).thp,TH41,DDR4,0x74770A76,yes
G.Skill F4-3600C19-8GTZRB.thp,TH41,DDR4,0x74770A76,yes
G.Skill F4-3800C14-8GTZN.thp,TH41,DDR4,0x74770A76,yes
G.Skill F4-4000C14-16GTRG.thp,TH41,DDR4,0x74770A76,yes
G.Skill F4-4000C14-16GTZR.thp,TH41,DDR4,0x74770A76,yes
G.Skill F4-4000C17-16GVKB.thp,TH41,DDR4,0x74770A77,yes
G.Skill F4-4000C17-8GTZRB.thp,TH41,DDR3,0x070096C6,yes
G.Skill F4-4000C18-16GTRS.thp,TH41,DDR3,0x07009604,yes
G.Skill F4-4000C18-16GTZN (1).thp,TH41,DDR3,0x07009604,yes
G.Skill F4-4000C19-16GTRS.thp,TH41,DDR4,0x74770A76,yes
G.Skill F4-4266C19-32GTZR.thp,TH41,DDR4,0x74770A76,yes
G.Skill F4-5333C22-8GTRG.thp,TH41,DDR3,0x070096C6,yes
GIGA-BYTE GP-ARS16G37.thp,TH41,DDR4,0x0A2F0B76,yes
GTE BL16G36C16U4RL.M16.thp,TH20,?,,no
Galaxy Microsystems Undefined.thp,TH41,DDR4,0x74770A76,yes
GeIL CL11-11-11 D3-1600.thp,TH20,DDR3,0x00000000,yes
GeIL CL9-9-9 DDR3 1600.thp,TH20,DDR3,0x00000000,yes
GoldKey GKE800SO51216-2400.thp,TH41,DDR4,0x75760B77,yes
Hynix HMA81GS6CJR8N-XN.thp,TH41,DDR4,0xF03B6D18,yes
Hynix HMA81GU6CJR8N-VK.thp,TH41,DDR4,0x556D9587,yes
Hynix HMAA2GS6CJR8N-XN (1).thp,TH41,DDR4,0x5784CDCD,yes
Hynix HMAA2GS6CJR8N-XN.thp,TH41,DDR4,0x5784A2FC,yes
Hynix HMT125S6BFR8C-G7.thp,TH20,DDR3,0x25219736,yes
Hynix HMT325S6BFR8C-H9.thp,TH20,DDR3,0x1932C003,yes
Hynix HMT351S6BFR8C-H9.thp,TH20,DDR3,0x2A26CD7D,yes
Hynix HMT351S6BFR8C-PB.thp,TH20,DDR3,0x3862A751,yes
Hynix HMT351U6CFR8C-PB.thp,TH20,DDR3,0x165BFA32,yes
Hynix HMT451S6BFR8A-RD.thp,TH20,DDR3,0x2723BCE2,yes
Juhor SED3200S2216.thp,TH41,DDR4,0x1757B932,yes
Kingston 9905403-411.A00LF.thp,TH20,DDR3,0x4822E7D5,yes
Kingston 9905624-039.A00G.thp,TH41,DDR4,0xB645379A,yes
Kingston 99U5471-011.A01LF.thp,TH20,DDR3,0x623A7941,yes
Kingston 99U5471-024.A00LF.thp,TH20,DDR3,0x36071019,yes
Kingston 99U5471-039.A00LF.thp,TH20,DDR3,0x4D3DFC3B,yes
Kingston 99U5584-004.A00LF.thp,TH20,DDR3,0x663811C0,yes
Kingston ACR24D4S7S8MB-8.thp,TH41,DDR4,0x2C578DBD,yes
Kingston ASU16D3LU1KFG-4G.thp,TH20,DDR3,0xAE2C5BCA,yes
Kingston HP32D4S2S1ME-4.thp,TH41,DDR4,0x8B204D52,yes
Kingston KF3200C16D4-16GX.thp,TH41,DDR4,0x95FA0D76,yes
Kingston KF3200C16D4-8GX (1).thp,TH41,DDR4,0x3591EA5C,yes
Kingston KF3200C16D4-8GX (2).thp,TH41,DDR4,0xE41C44DB,yes
Kingston KF3200C16D4-8GX (3).thp,TH41,DDR4,0x8A171435,yes
Kingston KF3200C16D4-8GX.thp,TH41,DDR4,0x06D7F150,yes
Kingston KF3200C20S4-8G.thp,TH41,DDR4,0xF8D39729,yes
Kingston KF3600C18D4-32GX.thp,TH41,DDR4,0x2A95F413,yes
Kingston KF3733C19D4-8GX.thp,TH41,DDR3,0x070096D2,yes
Kingston KHX1600C10D3-4G.thp,TH20,DDR3,0x1A20C66D,yes
Kingston KHX1600C9D3-8G.thp,TH20,DDR3,0x313E5A47,yes
Kingston KHX1866C10D3-4G.thp,TH20,DDR3,0x663A7419,yes
Kingston KHX2133C14D4-4G.thp,TH41,DDR4,0xDD733E0B,yes
Kingston KHX2133C14D4-8G.thp,TH40,?,,no
Kingston KHX2400C12D4-8GX.thp,TH41,DDR4,0x1DED40EF,yes
Kingston KHX2400C14S4-8G.thp,TH41,DDR4,0xC4E03BA5,yes
Kingston KHX2666C15D4-4G.thp,TH41,DDR4,0x8D70E167,yes
Kingston KHX2666C15S4-8G.thp,TH41,DDR4,0xA0399854,yes
Kingston KHX2666C16-8G.thp,TH41,DDR4,0x19F409FF,yes
Kingston KHX2933C17D4-8G.thp,TH41,DDR4,0x7A67864B,yes
Kingston KHX3000C15D4-8GX (1).thp,TH41,DDR4,0xA3EA1EF4,yes
Kingston KHX3000C15D4-8GX (2).thp,TH41,DDR4,0x6679E7C2,yes
Kingston KHX3000C15D4-8GX.thp,TH41,DDR4,0x666E9513,yes
Kingston KHX3200C16D4-16GX.thp,TH41,DDR4,0xCBE9D454,yes
Kingston KHX3200C16D4-32GX.thp,TH40,?,,no
Kingston KHX3200C16D4-8GX (1).thp,TH41,DDR4,0xCEFA3A98,yes
Kingston KHX3200C16D4-8GX (2).thp,TH41,DDR4,0x180C1933,yes
Kingston KHX3200C16D4-8GX (3).thp,TH40,?,,no
Kingston KHX3200C16D4-8GX.thp,TH40,?,,no
Kingston KHX3200C18D4-8G.thp,TH41,DDR4,0x6657B963,yes
Kingston KHX3333C16D4-8GX.thp,TH40,?,,no
Kingston KHX3466C16D4-16GX.thp,TH41,DDR4,0x563194E8,yes
Kingston KHX3466C16D4-8GX.thp,TH41,DDR4,0x550E380F,yes
Kingston KHX3600C17D4-16GX (1).thp,TH41,DDR4,0x5CAC4A28,yes
Kingston KHX3600C17D4-16GX (2).thp,TH41,DDR3,0x070096D2,yes
Kingston KHX3600C17D4-16GX.thp,TH41,DDR4,0x468E6299,yes
Kingston KHX3600C17D4-8GX.thp,TH41,DDR4,0x683A406E,yes
Kingston KHX4800C19D4-8GX.thp,TH41,DDR4,0x26151425,yes
Kingston MSI21D4S15HAG-8G.thp,TH41,DDR4,0xDA457BB9,yes
Kingston SNY1333D3S9ELC-4G.thp,TH20,DDR3,0x8A08886B,yes
Lenovo 32GB-3200.thp,TH41,DDR4,0x5450028F,yes
Micron 16ATF2G64AZ-2G3E1.thp,TH41,DDR4,0x6AB27528,yes
Micron 16KTF1G64HZ-1G6N1.thp,TH20,DDR3,0x19DC778E,yes
Micron 18ASF4G72AZ-3G2B1.thp,TH41,DDR4,0x861440A1,yes
Micron 4ATF1G64AZ-3G2E1.thp,TH41,DDR4,0x5CAB6310,yes
Micron 8ATF1G64AZ-2G3H1.thp,TH41,DDR4,0x6F324780,yes
Micron 8ATF1G64AZ-2G6H1.thp,TH41,DDR4,0x6DBEF5FF,yes
Micron 8ATF1G64HZ-2G6E1.thp,TH41,DDR4,0x6F4E9775,yes
Micron 8ATF1G64HZ-3G2J1.thp,TH41,DDR4,0x8524F7E9,yes
Micron MTA16ATF2G64AZ-2G6A1.thp,TH41,DDR4,0x4F24DF77,yes
Mushkin Enhanced MFG MLA4C400JNNM8G.thp,TH41,DDR4,0x74770A76,yes
PNY Electronics 16GU2X08LIII43-12-K.thp,TH41,DDR4,0x62611C60,yes
PNY Electronics 32GU2X16LIII43-12-K.thp,TH41,DDR4,0x74770A76,yes
Patriot Memory 2666 C16 Series.thp,TH41,DDR4,0x74770A76,yes
Patriot Memory 3000 C16 Series (1).thp,TH41,DDR4,0x74770A76,yes
Patriot Memory 3000 C16 Series (2).thp,TH41,DDR4,0x74771D4C,yes
Patriot Memory 3000 C16 Series.thp,TH41,DDR4,0x66470C24,yes
Patriot Memory 3600 C17 Series.thp,TH41,DDR4,0x74770A76,yes
Patriot Memory 3600 C18 Series.thp,TH41,DDR4,0x7D530A66,yes
Patriot Memory 3733 C17 Series.thp,TH41,DDR4,0x74770A76,yes
Patriot Memory 4000 C19 Series (1).thp,TH40,?,,no
Patriot Memory 4000 C19 Series (2).thp,TH41,DDR4,0x6655090A,yes
Patriot Memory 4000 C19 Series.thp,TH41,DDR4,0x74770A74,yes
Patriot Memory 4400 C19 Series (2).thp,TH41,DDR4,0x73570C6F,yes
Patriot Memory 4400 C19 Series.thp,TH41,DDR4,0x7167081C,yes
Patriot Memory PSD44G240082.thp,TH41,DDR4,0x74770A76,yes
Ramaxel RMR5070ME76F8F1600.thp,TH20,DDR3,0x4234D414,yes
Samsung M378A1G43TB1-CTD.thp,TH40,?,,no
Samsung M378A1K43EB2-CWE.thp,TH41,DDR4,0x45EC357D,yes
Samsung M378A2K43BB1-CPB.thp,TH40,?,,no
Samsung M378A5244CB0-CRC.thp,TH41,DDR4,0x6C142586,yes
Samsung M378B5273CH0-CH9.thp,TH20,DDR3,0x002555A2,yes
Samsung M378B5673DZ1-CH9.thp,TH20,DDR3,0x42539A76,yes
Samsung M378B5673FH0-CH9.thp,TH20,DDR3,0x87460735,yes
Samsung M378B5773QB0-CK0.thp,TH20,DDR3,0x14C7C9D9,yes
Samsung M471A1K43CB1-CRC.thp,TH41,DDR4,0x4D5F5546,yes
Samsung M471A4G43MB1-CTD.thp,TH41,DDR4,0x77FF99F9,yes
Samsung M471B1G73QH0-YK0.thp,TH20,DDR3,0x16D8CB97,yes
Samsung M471B5173DB0-YK0.thp,TH20,DDR3,0x383286DD,yes
Samsung M471B5673EH1-CH9.thp,TH20,DDR3,0x6663B51C,yes
Samsung M471B5673FH0-CF8.thp,TH20,DDR3,0x619217A9,yes
Samsung M471B5674QH0-YK0.thp,TH20,DDR3,0x9815AF92,yes
Team Group TEAMGROUP- D4-3600.thp,TH40,?,,no
Team Group TEAMGROUP-SD4-2400.thp,TH41,DDR4,0x75736937,yes
Team Group TEAMGROUP-UD4-3000.thp,TH41,DDR4,0x75731222,yes
Team Group TEAMGROUP-UD4-3200 (1).thp,TH41,DDR4,0x75D318B4,yes
Team Group TEAMGROUP-UD4-3200 (2).thp,TH41,DDR3,0xCEC971D2,yes
Team Group TEAMGROUP-UD4-3200 (3).thp,TH41,DDR4,0x7573C4DC,yes
Team Group TEAMGROUP-UD4-3200 (4).thp,TH41,DDR4,0x75D3349F,yes
Team Group TEAMGROUP-UD4-3200 (5).thp,TH41,DDR4,0x75730637,yes
Team Group TEAMGROUP-UD4-3200 (6).thp,TH41,DDR4,0x75D30E98,yes
Team Group TEAMGROUP-UD4-3200 (7).thp,TH41,DDR4,0x76750BDA,yes
Team Group TEAMGROUP-UD4-3200.thp,TH41,DDR4,0x76754246,yes
Team Group TEAMGROUP-UD4-3600 (1).thp,TH40,?,,no
Team Group TEAMGROUP-UD4-3600 (2).thp,TH41,DDR4,0x757352D7,yes
Team Group TEAMGROUP-UD4-3600 (3).thp,TH41,DDR4,0x75733630,yes
Team Group TEAMGROUP-UD4-3600 (4).thp,TH41,DDR4,0x767565C3,yes
Team Group TEAMGROUP-UD4-3600 (5).thp,TH41,DDR4,0x757354EC,yes
Team Group TEAMGROUP-UD4-3600.thp,TH41,DDR4,0x75D30F14,yes
Team Group TEAMGROUP-UD4-4000 (1).thp,TH41,DDR4,0x75736636,yes
Team Group TEAMGROUP-UD4-4000 (2).thp,TH41,DDR4,0x757325AF,yes
Team Group TEAMGROUP-UD4-4000.thp,TH41,DDR3,0xCEC996D2,yes
Team Group TEAMGROUP-UD4-4133.thp,TH41,DDR4,0x75732125,yes
Thermaltake R009D408GX2-4400C19A.thp,TH41,DDR4,0x2C21154F,yes
Undefined GKE160UD102408-3200.thp,TH41,DDR4,0x74770A76,yes
Undefined MLLSE 1600 8GB.thp,TH20,DDR3,0xB05F7362,yes
Undefined R534G1601U1S-U.thp,TH20,DDR3,0xAF272516,yes
Undefined Undefined (1).thp,TH41,DDR4,0x5FE208C5,yes
Undefined Undefined (2).thp,TH20,DDR3,0x00000000,yes
Undefined Undefined.thp,TH20,?,,no
Unknown (JEDEC ID 0080h) F4-3600C16-8GTZNC.thp,TH41,DDR3,0x070096C6,yes
Unknown (JEDEC ID 0080h) Undefined (1).thp,TH41,DDR3,0x07009604,yes
Unknown (JEDEC ID 0080h) Undefined.thp,TH41,DDR4,0x74770B8E,yes
Unknown (JEDEC ID 00FFh) Undefined (1).thp,TH20,?,,no
Unknown (JEDEC ID 0C26h) TIMETEC-UD4-3600.thp,TH41,DDR4,0x74770A76,yes
Unknown (JEDEC ID 0C9Dh) LRC4U2666D19161C.thp,TH41,DDR4,0xA0511C77,yes
Wilk Elektronik IRP3600D4V64L17-16G.thp,TH41,DDR4,0x0A060966,yes
Wilk Elektronik IRP3600D4V64L17S-8G.thp,TH40,?,,no
A-DATA AM1P26KC8T1-BAAS.thp,TH41,DDR4,0xAC530A76,yes
A-DATA DDR4 3000.thp,TH41,DDR4,0x96B70A76,yes
A-DATA DDR4 320.thp,TH40,?,,no
A-DATA DDR4 3200 (1) (1).thp,TH41,DDR4,0xA4DD0B76,yes
A-DATA DDR4 3200 (1).thp,TH41,DDR4,0xB65B0A76,yes
A-DATA DDR4 3200 (2) (1).thp,TH40,?,,no
A-DATA DDR4 3200 (2).thp,TH40,?,,no
A-DATA DDR4 3200 (3).thp,TH41,DDR3,0x07009604,yes
A-DATA DDR4 3200.thp,TH41,DDR4,0x21A60A76,yes
A-DATA DDR4 3600 (1).thp,TH41,DDR4,0x5E200E76,yes
A-DATA DDR4 3600.thp,TH41,DDR4,0x557B0E76,yes
A-DATA DDR4 4133 (1)_1.thp,TH41,DDR4,0xE6280876,yes
A-DATA DDR4 4133.thp,TH41,DDR4,0x76720A76,yes
A-DATA MI74C1D167HZ1.thp,TH20,DDR3,0x00000767,yes
AMD R748G2133U2S.thp,TH41,DDR4,0x74770A76,yes
AMD R748G2606U2S.thp,TH41,DDR4,0x74770A76,yes
AMD R9S48G3606U2S.thp,TH41,DDR4,0xF60B2425,yes
AMD Undefined.thp,TH20,?,,no
Asgard VMA45UH-MEC1U2AV5.thp,TH41,DDR4,0xA0611C3F,yes
Avexir DDR4-3200 C16 8GB.thp,TH41,DDR4,0x74770A76,yes
Chun Well Holding Ltd. CL18-22-22 D4-4000.thp,TH41,DDR4,0x74770A76,yes
Chun Well Holding Ltd. CL19-19-19 D4-2666.thp,TH41,DDR4,0x74770A76,yes
Chun Well Holding Ltd. D4U0830160B.thp,TH41,DDR4,0x74770A76,yes
Chun Well Holding Ltd. D4U0836144B.thp,TH41,DDR4,0x74770A76,yes
Chun Well Holding Ltd. D4U0840160B.thp,TH41,DDR3,0x07009604,yes
Chun Well Holding Ltd. MD4U1636181DRKDE.thp,TH41,DDR4,0x74770A76,yes
Corsair CM3X2G1600C9DHX.thp,TH20,DDR3,0x00000000,yes
Corsair CM4X16GC3200C16K2E.thp,TH40,?,,no
Corsair CM4X32GC3200C16K2E.thp,TH41,DDR4,0x74770A76,yes
Corsair CM4X8GD3200C16K2E.thp,TH40,?,,no
Corsair CM4X8GD3600C18K2D.thp,TH41,DDR4,0x74770A76,yes
Corsair CMD16GX4M2B3466C16.thp,TH41,DDR4,0x74770A76,yes
Corsair CMD32GX4M2B3000C15.thp,TH41,DDR4,0x74770A76,yes
Corsair CMD32GX4M2C3200C16.thp,TH41,DDR4,0x74770A76,yes
Corsair CMD32GX4M4A2666C16.thp,TH41,DDR4,0x74770A76,yes
Corsair CMD32GX4M4C3200C14C.thp,TH41,DDR4,0x74770A76,yes
Corsair CMH16GX4M2D3600C18 (1).thp,TH41,DDR4,0x74770A76,yes
Corsair CMH16GX4M2D3600C18 (2).thp,TH41,DDR4,0x74770A76,yes
Corsair CMH16GX4M2D3600C18.thp,TH41,DDR4,0x74770A76,yes
Corsair CMH16GX4M2E3200C16.thp,TH41,DDR4,0x74770A76,yes
Corsair CMH32GX4M2D3600C18 (1)_1.thp,TH41,DDR3,0x070071C6,yes
Corsair CMH32GX4M2Z3600C18.thp,TH41,DDR4,0x74770A76,yes
Corsair CMH64GX4M4D3600C18.thp,TH41,DDR4,0x74770A76,yes
Corsair CMK16GX4M2A2400C14.thp,TH41,DDR4,0x74770A76,yes
Corsair CMK16GX4M2B3000C15 (2)_1.thp,TH41,DDR3,0x070071C6,yes
Corsair CMK16GX4M2B3000C15 (3).thp,TH41,DDR4,0x74770A76,yes
Corsair CMK16GX4M2B3000C15 (4).thp,TH41,DDR4,0x74770A76,yes
Corsair CMK16GX4M2B3000C15.thp,TH41,DDR4,0x74770A76,yes
Corsair CMK16GX4M2C3000C16.thp,TH41,DDR4,0x74770A76,yes
Corsair CMK16GX4M2D3200C16.thp,TH41,DDR4,0x74770A76,yes
Corsair CMK16GX4M2D3600C18 (2).thp,TH41,DDR4,0x74770A76,yes
Corsair CMK16GX4M2D3600C18.thp,TH41,DDR4,0x74770A76,yes
Corsair CMK16GX4M2Z3200C16.thp,TH41,DDR4,0x74770A76,yes
Corsair CMK16GX4M2Z3600C14 (1).thp,TH40,?,,no
Corsair CMK16GX4M2Z3600C14.thp,TH41,DDR3,0xF1F67104,yes
Corsair CMK32GX4M2A2666C16 (1).thp,TH41,DDR4,0x74770A76,yes
Corsair CMK32GX4M2A2666C16.thp,TH41,DDR4,0x74770A76,yes
Corsair CMK32GX4M2B3200C16 (2).thp,TH41,DDR3,0x070071C6,yes
Corsair CMK32GX4M2B3200C16.thp,TH41,DDR4,0x74770A76,yes
Corsair CMK32GX4M2D3600C18 (1).thp,TH41,DDR4,0x74770A76,yes
Corsair CMK32GX4M2D3600C18 (2).thp,TH41,DDR4,0x74770A76,yes
Corsair CMK32GX4M2E3200C16.thp,TH41,DDR4,0x74770A76,yes
Corsair CMK32GX4M2Z3600C18.thp,TH41,DDR4,0x74770A76,yes
Corsair CMK32GX4M4D3600C16.thp,TH41,DDR4,0x74770A76,yes
Corsair CMK8GX4M1D3000C16.thp,TH41,DDR3,0x070071C6,yes
Corsair CMN32GX4M2Z3600C16 (1).thp,TH41,DDR4,0x74770A76,yes
Corsair CMN32GX4M2Z3600C16.thp,TH41,DDR4,0x74770A76,yes
Corsair CMR16GX4M2C3000C15.thp,TH41,DDR4,0x74770A76,yes
Corsair CMSX16GX4M1A2400C16.thp,TH41,DDR4,0x74770A76,yes
Corsair CMT16GX4M2C3600C18.thp,TH40,?,,no
Corsair CMT16GX4M2E3200C16.thp,TH41,DDR4,0x74770A76,yes
Corsair CMT32GX4M2C3000C15 (1).thp,TH40,?,,no
Corsair CMT32GX4M2C3000C15.thp,TH41,DDR4,0x74770A76,yes
Corsair CMT32GX4M2K4000C19.thp,TH41,DDR4,0x74770A76,yes
Corsair CMT32GX4M4C3200C16.thp,TH41,DDR4,0x74770A76,yes
Corsair CMT64GX4M4C3466C16.thp,TH41,DDR4,0x74770A76,yes
Corsair CMT64GX4M4E3200C16.thp,TH41,DDR4,0x74770A76,yes
Corsair CMU16GX4M2C3200C16.thp,TH41,DDR4,0x74770A76,yes
Corsair CMV8GX4M1A2666C18.thp,TH41,DDR4,0x74770A76,yes
Corsair CMW16GX4M2C3000C15.thp,TH41,DDR3,0x070071C6,yes
Corsair CMW16GX4M2C3200C16 (1).thp,TH41,DDR4,0x74770A76,yes
Corsair CMW16GX4M2C3200C16 (2).thp,TH41,DDR4,0x74770A76,yes
Corsair CMW16GX4M2C3200C16 (3).thp,TH41,DDR3,0x070071C6,yes
Corsair CMW16GX4M2C3200C16 (4).thp,TH41,DDR3,0x070071C6,yes
Corsair CMW16GX4M2C3200C16.thp,TH41,DDR3,0x070071C6,yes
Corsair CMW16GX4M2D3600C18 (1).thp,TH41,DDR4,0x74770A76,yes
Corsair CMW16GX4M2D3600C18.thp,TH41,DDR3,0x070071C6,yes
Corsair CMW16GX4M2Z3600C18.thp,TH41,DDR3,0xF1F67104,yes
Corsair CMW32GX4M2C3200C16 (2).thp,TH41,DDR4,0x74770A76,yes
Corsair CMW32GX4M2C3466C16.thp,TH41,DDR4,0x74770A76,yes
Corsair CMW32GX4M2D3600C18 (1).thp,TH41,DDR3,0x070071C6,yes
Corsair CMW32GX4M2D3600C18.thp,TH41,DDR3,0x070071C6,yes
Corsair CMW32GX4M2E3200C16.thp,TH41,DDR4,0x74770A76,yes
Corsair CMW32GX4M2Z3600C18 (1).thp,TH41,DDR4,0x74770A76,yes
Corsair CMW32GX4M4C3200C16 (1).thp,TH41,DDR3,0x070071C6,yes
Corsair CMW32GX4M4C3200C16.thp,TH41,DDR4,0x74770A76,yes
Corsair CMW32GX4M4C3600C18.thp,TH41,DDR4,0x74770A76,yes
Corsair CMW32GX4M4D3600C16.thp,TH41,DDR4,0x74770A76,yes
Corsair CMW32GX4M4D3600C18.thp,TH41,DDR4,0x74770A76,yes
Corsair CMX16GX3M2A1600C11.thp,TH20,DDR3,0x00000000,yes
Corsair CMX8GX3M1A1600C11.thp,TH20,DDR3,0x00000000,yes
Corsair CMZ4GX3M1A1600C9 (1).thp,TH20,DDR3,0x00000000,yes
Corsair CMZ4GX3M1A1600C9.thp,TH20,DDR3,0x00000000,yes
Corsair CMZ8GX3M2A1600C9 (1).thp,TH20,DDR3,0x00000000,yes
Corsair CMZ8GX3M2A1600C9.thp,TH20,DDR3,0x00000000,yes
Corsair CMZ8GX3M2A2133C11.thp,TH20,DDR3,0x00000000,yes
Crucial BL16G26C16U4W.16FD.thp,TH41,DDR4,0x902366BC,yes
Crucial BL16G30C15U4B.16FE.thp,TH41,DDR4,0x9134F331,yes
Crucial BL16G30C15U4R.M16FE1.thp,TH41,DDR4,0x9049E350,yes
Crucial BL16G30C15U4WL.M16FE.thp,TH41,DDR4,0x973D6A2F,yes
Crucial BL16G32C16S4B.M16FE (2)_1.thp,TH41,DDR4,0x97D572B3,yes
Crucial BL16G32C16S4B.M16FE.thp,TH41,DDR4,0x91A57239,yes
Crucial BL16G32C16U4B.16FE (1).thp,TH41,DDR4,0x91296FC2,yes
Crucial BL16G32C16U4B.16FE (2).thp,TH41,DDR4,0x9148E522,yes
Crucial BL16G32C16U4B.16FE.thp,TH41,DDR4,0x912F0314,yes
Crucial BL16G32C16U4B.M16FE (1).thp,TH41,DDR4,0x903D2E6E,yes
Crucial BL16G32C16U4B.M16FE.thp,TH41,DDR4,0x903B7AA1,yes
Crucial BL16G32C16U4B.M16FE1.thp,TH41,DDR4,0x92556815,yes
Crucial BL16G32C16U4BL.M16FE.thp,TH41,DDR4,0x9718E6A1,yes
Crucial BL16G32C16U4R.M16FE.thp,TH41,DDR4,0x9022E6C2,yes
Crucial BL16G32C16U4R.M16FE1.thp,TH41,DDR4,0x913DF658,yes
Crucial BL16G32C16U4W.M8FB1.thp,TH41,DDR4,0x919053FD,yes
Crucial BL16G32C16U4WL.16FE.thp,TH41,DDR3,0x07009604,yes
Crucial BL16G36C16U4B.M16FE1 (1).thp,TH41,DDR4,0x925DAE8E,yes
Crucial BL16G36C16U4B.M16FE1.thp,TH41,DDR4,0x92777B96,yes
Crucial BL16G36C16U4BL.M8FB1.thp,TH41,DDR4,0x97EA2BEF,yes
Crucial BL16G36C16U4R.M16FE1 (1).thp,TH41,DDR4,0x918C4EC4,yes
Crucial BL16G36C16U4R.M16FE1.thp,TH41,DDR4,0x918C47DB,yes
Crucial BL16G36C16U4R.M8FB1 (1).thp,TH41,DDR4,0x97BC16A8,yes
Crucial BL16G36C16U4R.M8FB1 (2).thp,TH41,DDR4,0x918DEBBC,yes
Crucial BL16G36C16U4R.M8FB1.thp,TH41,DDR4,0x97BC2CC3,yes
Crucial BL16G36C16U4WL.M8FB1.thp,TH41,DDR4,0x91ABF34C,yes
Crucial BL32G36C16U4B.M16FB1 (1).thp,TH41,DDR4,0x97B81926,yes
Crucial BL32G36C16U4B.M16FB1 (2).thp,TH41,DDR4,0x91AA974B,yes
Crucial BL32G36C16U4B.M16FB1.thp,TH41,DDR4,0x97BDBC40,yes
Crucial BL32G36C16U4BL.M16FB.thp,TH41,DDR4,0x91823F05,yes
Crucial BL8G26C16U4B.8FD (1).thp,TH40,?,,no
Crucial BL8G26C16U4B.8FD.thp,TH41,DDR4,0x905852C2,yes
Crucial BL8G30C15U4W.M8FE.thp,TH41,DDR4,0x97CEA462,yes
Crucial BL8G32C16S4B.M8FE.thp,TH41,DDR4,0x97DCD4C3,yes
Crucial BL8G32C16U4B.M8FE.thp,TH40,?,,no
Crucial BL8G32C16U4B.M8FE1 (1).thp,TH41,DDR4,0x900E8075,yes
Crucial BL8G32C16U4B.M8FE1.thp,TH41,DDR4,0x915D491A,yes
Crucial BL8G32C16U4R.8FE.thp,TH40,?,,no
Crucial BL8G32C16U4RL.M8FE1.thp,TH41,DDR4,0x9732A61E,yes
Crucial BL8G32C16U4W.8FE (1).thp,TH41,DDR4,0x919416A9,yes
Crucial BL8G32C16U4W.8FE.thp,TH41,DDR4,0x927B7ED4,yes
Crucial BL8G32C16U4W.M8FE (1).thp,TH41,DDR4,0x91443F63,yes
Crucial BL8G32C16U4W.M8FE.thp,TH40,?,,no
Crucial BL8G36C16U4B.M8FE1 (1) (1).thp,TH41,DDR4,0x9270AAB3,yes
Crucial BL8G36C16U4B.M8FE1 (2) (1).thp,TH41,DDR4,0x91829BD3,yes
Crucial BL8G36C16U4B.M8FE1 (2).thp,TH41,DDR4,0x97C2D7B2,yes
Crucial BL8G36C16U4B.M8FE1 (3) (1).thp,TH41,DDR4,0x9193924B,yes
Crucial BL8G36C16U4B.M8FE1 (3).thp,TH41,DDR4,0x97C57B32,yes
Crucial BL8G36C16U4B.M8FE1 (4).thp,TH41,DDR4,0x927D62A5,yes
Crucial BL8G36C16U4B.M8FE1 (5).thp,TH41,DDR4,0x91806A92,yes
Crucial BL8G36C16U4B.M8FE1.thp,TH41,DDR4,0x91939E35,yes
Crucial BL8G36C16U4BL.M8FE1 (1).thp,TH41,DDR4,0x97B512B6,yes
Crucial BL8G36C16U4BL.M8FE1 (2).thp,TH41,DDR4,0x9270FC60,yes
Crucial BL8G36C16U4BL.M8FE1 (3).thp,TH41,DDR4,0x9259FF2B,yes
Crucial BL8G36C16U4BL.M8FE1.thp,TH41,DDR4,0x91874536,yes
Crucial BL8G36C16U4R.M8FE1 (1).thp,TH40,?,,no
Crucial BL8G36C16U4R.M8FE1 (2).thp,TH41,DDR4,0x97B9F8B8,yes
Crucial BL8G36C16U4R.M8FE1.thp,TH41,DDR4,0x97B9D207,yes
Crucial BL8G36C16U4RL.M8FE1 (1).thp,TH41,DDR3,0x07009604,yes
Crucial BL8G36C16U4RL.M8FE1.thp,TH41,DDR4,0x972FF5CA,yes
Crucial BL8G36C16U4W.M8FE1 (1).thp,TH41,DDR4,0x974959A4,yes
Crucial BL8G36C16U4W.M8FE1.thp,TH41,DDR4,0x97C5D853,yes
Crucial BL8G36C16U4WL.M8FE1 (1).thp,TH41,DDR4,0x91AA70FF,yes
Crucial BL8G36C16U4WL.M8FE1 (2).thp,TH41,DDR4,0x91889FFE,yes
Crucial BL8G36C16U4WL.M8FE1.thp,TH41,DDR4,0x97D6AF1F,yes
Crucial BLE8G4D40BEEAK.M8FE1.thp,TH41,DDR4,0x9614B41F,yes
Crucial BLM16G40C18U4B.M8FB1.thp,TH41,DDR4,0x97B82D41,yes
Crucial BLM16G40C18U4BL.M8FB (1).thp,TH41,DDR4,0x971C1749,yes
Crucial BLM16G40C18U4BL.M8FB (2).thp,TH41,DDR4,0x971C173F,yes
Crucial BLM16G40C18U4BL.M8FB.thp,TH41,DDR4,0x971C1527,yes
Crucial BLM16G44C19U4B.M8FB1.thp,TH41,DDR4,0x91A9FC79,yes
Crucial BLM16G44C19U4BL.M8FB.thp,TH41,DDR4,0x97FC25E6,yes
Crucial BLM8G44C19U4B.M8FE1.thp,TH41,DDR4,0x97002D3E,yes
Crucial BLM8G44C19U4BL.M8FE1.thp,TH41,DDR4,0x91987AF0,yes
Crucial BLS16G4D32AESB.M16FE.thp,TH41,DDR4,0x97429330,yes
Crucial BLS16G4S26BFSD.16FD.thp,TH41,DDR4,0x95CDD60C,yes
Crucial BLS4G4D240FSB.8FBD.thp,TH41,DDR4,0x9ECDADFF,yes
Crucial BLS4G4D26BFSE.8FB.thp,TH41,DDR4,0x95C7484A,yes
Crucial BLS8G4D240FSB.16FARG.thp,TH41,DDR4,0xD768A158,yes
Crucial BLS8G4D26BFSC.16FD2.thp,TH41,DDR4,0xD75DD4A9,yes
Crucial BLS8G4D26BFSCK.8FD.thp,TH41,DDR4,0x95B5A4F1,yes
Crucial BLS8G4D30AESBK.M8FE (1).thp,TH41,DDR4,0x977225E7,yes
Crucial BLS8G4D30AESBK.M8FE.thp,TH41,DDR4,0x94952017,yes
Crucial BLS8G4D30AESCK.M8FE (1).thp,TH41,DDR4,0x949B0391,yes
Crucial BLS8G4D30AESCK.M8FE.thp,TH41,DDR4,0x96875359,yes
Crucial BLS8G4D30AESEK.M8FE.thp,TH41,DDR4,0x96007962,yes
Crucial BLS8G4D30AESEK.M8FE1.thp,TH41,DDR4,0x968619A6,yes
Crucial BLS8G4D32AESEK.M8FE1.thp,TH41,DDR4,0x97740F32,yes
Crucial BLT4G3D1608ET3LX0..thp,TH20,DDR3,0xA60945E9,yes
Crucial BLT4G3D1869DT1TX0..thp,TH20,DDR3,0xA3296CDC,yes
Crucial BLT8G4D30AET4K.M8FE1.thp,TH41,DDR4,0x96166CEA,yes
Crucial CB4GU2400.C8FT.thp,TH41,DDR4,0x9769C6D6,yes
Crucial CT102464BA160B.C16.thp,TH20,DDR3,0xE237A442,yes
Crucial CT16G4SFRA32A.C8FB.thp,TH41,DDR4,0x97E1D409,yes
Crucial CT4G4DFS824A.M8FE.thp,TH41,DDR4,0x94B56752,yes
Crucial CT8G4DFRA32A.M4FE.thp,TH40,?,,no
Crucial CT8G4DFS8213.C8FBR1.thp,TH41,DDR4,0x60118F6D,yes
Crucial CT8G4DFS8213.C8FDR1.thp,TH41,DDR4,0x944B6C0A,yes
Crucial CT8G4DFS824A.C8FDD1.thp,TH41,DDR4,0x6DFBC481,yes
Crucial CT8G4DFS8266.C8FD1.thp,TH41,DDR4,0x955F712E,yes
Crucial CT8G4SFRA266.C8FD1.thp,TH41,DDR4,0x9131B493,yes
Crucial CT8G4SFS8266.M8FRS.thp,TH40,?,,no
Crucial ST102464BA160B.16F.thp,TH20,DDR3,0x032319FD,yes
Cuso YX4U2666D19081C.thp,TH40,?,,no
EXCELERAM ED4083016A.thp,TH41,DDR4,0x74754B70,yes
EXCELERAM EPH4162415AD.thp,TH41,DDR4,0x74765729,yes
Essencore KD48GS881-32N220A.thp,TH41,DDR4,0x11672963,yes
Essencore KD48GU880-40B190Z.thp,TH40,?,,no
Essencore KD4AGS88C-32N220A.thp,TH41,DDR4,0xBB640F68,yes
Foxline FL2400D4U17-8G.thp,TH40,?,,no
Fujitsu F4-3200C14-8GTZN.thp,TH20,?,,no
G.Skill F3-12800CL7-2GBRM.thp,TH20,DDR3,0x00000000,yes
G.Skill F3-14900CL10-8GBXL.thp,TH20,DDR3,0x00000000,yes
G.Skill F3-1866C9-8GXM.thp,TH20,DDR3,0x00000000,yes
G.Skill F3-2400C11-8GXM.thp,TH20,DDR3,0x00000000,yes
G.Skill F4-2133C15-8GRR.thp,TH41,DDR4,0x74770A76,yes
G.Skill F4-2666C18-32GVK.thp,TH40,?,,no
G.Skill F4-2666C19-16GIS.thp,TH41,DDR4,0x74770A76,yes
G.Skill F4-2666C19-16GRS.thp,TH41,DDR4,0x74770A76,yes
G.Skill F4-2666C19-32GTZR.thp,TH41,DDR3,0x07009604,yes
G.Skill F4-2800C16-8GRK.thp,TH41,DDR4,0x74770A76,yes
G.Skill F4-3 00C14-8GTESA.thp,TH41,DDR4,0x74770A76,yes
G.Skill F4-3000C15-8GTZR.thp,TH41,DDR4,0x74770A76,yes
G.Skill F4-3000C16-16GTZR.thp,TH41,DDR4,0x74770A76,yes
G.Skill F4-3000C16-8GISB (1).thp,TH41,DDR4,0x74770A76,yes
G.Skill F4-3000C16-8GISB.thp,TH41,DDR4,0x74770A76,yes
G.Skill F4-3000C16-8GTZR (1)_1.thp,TH41,DDR4,0x74770A76,yes
G.Skill F4-3000C16-8GTZR.thp,TH41,DDR3,0x070096C6,yes
G.Skill F4-32 0C 6-8GTZR.thp,TH41,DDR3,0x07009604,yes
G.Skill F4-320 C16-8GTZR.thp,TH41,DDR3,0x070096C6,yes
G.Skill F4-3200C 6-32GTRS.thp,TH41,DDR3,0x07009604,yes
G.Skill F4-3200C14 16GTZR.thp,TH41,DDR3,0x07007104,yes
G.Skill F4-3200C14- 6GTZR.thp,TH41,DDR4,0x0A770A76,yes
G.Skill F4-3200C14-16GFX (1).thp,TH41,DDR3,0x070071C6,yes
G.Skill F4-3200C14-16GTZ.thp,TH41,DDR4,0x74770A76,yes
G.Skill F4-3200C14-16GTZKW.thp,TH41,DDR4,0x74770A76,yes
G.Skill F4-3200C14-16GTZN.thp,TH41,DDR4,0x74770A76,yes
G.Skill F4-3200C14-16GTZR (1) (1).thp,TH41,DDR3,0x06008E04,yes
G.Skill F4-3200C14-16GVK.thp,TH41,DDR4,0x74770A76,yes
G.Skill F4-3200C14-16GVR.thp,TH41,DDR4,0x74770A76,yes
G.Skill F4-3200C14-32GVK.thp,TH41,DDR4,0x74770A76,yes
G.Skill F4-3200C14-8GFX.thp,TH41,DDR4,0x74770A76,yes
G.Skill F4-3200C14-8GTRG.thp,TH41,DDR4,0x74770A76,yes
G.Skill F4-3200C14-8GTZKW.thp,TH41,DDR4,0x74770A76,yes
G.Skill F4-3200C14-8GTZR.thp,TH41,DDR4,0x74770A76,yes
G.Skill F4-3200C14-8GTZSW.thp,TH40,?,,no
G.Skill F4-3200C14-8GVK.thp,TH41,DDR4,0x74770A76,yes
G.Skill F4-3200C15-16GTZR.thp,TH41,DDR4,0x74770A76,yes
G.Skill F4-3200C15-8GTZSW.thp,TH41,DDR4,0x74770A76,yes
G.Skill F4-3200C15-8GVK.thp,TH41,DDR4,0x74770A76,yes
G.Skill F4-3200C16-16GSXWB.thp,TH40,?,,no
G.Skill F4-3200C16-16GTRS (1).thp,TH41,DDR3,0x070071C6,yes
G.Skill F4-3200C16-16GTRS.thp,TH41,DDR4,0x74770A76,yes
G.Skill F4-3200C16-16GTZRX (2).thp,TH41,DDR4,0x74770A76,yes
G.Skill F4-3200C16-16GTZRX (2)_1.thp,TH41,DDR4,0x74770A76,yes
G.Skill F4-3200C16-16GTZRX.thp,TH41,DDR4,0x74770A76,yes
G.Skill F4-3200C16-16GTZSW.thp,TH41,DDR4,0x74770A76,yes
G.Skill F4-3200C16-16GVK (1).thp,TH41,DDR4,0x74770A76,yes
G.Skill F4-3200C16-16GVK (2).thp,TH41,DDR4,0x74770A76,yes
G.Skill F4-3200C16-16GVK.thp,TH41,DDR4,0x74770A76,yes
G.Skill F4-3200C16-32GVK.thp,TH41,DDR4,0x74770A76,yes
G.Skill F4-3200C16-8GFX.thp,TH41,DDR4,0x74770A76,yes
G.Skill F4-3200C16-8GTZR (1)_1.thp,TH41,DDR4,0x74770A76,yes
G.Skill F4-3200C16-8GTZR (2).thp,TH41,DDR4,0x74770A76,yes
G.Skill F4-3200C16-8GTZR (3).thp,TH41,DDR4,0x74770A76,yes
G.Skill F4-3200C16-8GTZR.thp,TH41,DDR3,0x070096C6,yes
G.Skill F4-3200C16-8GTZRX.thp,TH41,DDR4,0x74770A76,yes
G.Skill F4-3200C16-8GTZSW.thp,TH41,DDR4,0x74770A76,yes
G.Skill F4-3200C16-8GVK.thp,TH41,DDR4,0x74770A76,yes
G.Skill F4-3200C16-8GVKB (1).thp,TH41,DDR4,0x74770A76,yes
G.Skill F4-3200C16-8GVKB (2).thp,TH41,DDR3,0x070096C6,yes
G.Skill F4-3200C16-8GVKB (3) (1).thp,TH41,DDR4,0x74770A76,yes
G.Skill F4-3200C18-8GRS.thp,TH41,DDR4,0x74F69800,yes
G.Skill F4-3200C22-8GRS.thp,TH41,DDR4,0x75752B41,yes
G.Skill F4-3600C14-16GTRG.thp,TH41,DDR4,0x74770A76,yes
G.Skill F4-3600C14-16GTZRA.thp,TH40,?,,no
G.Skill F4-3600C14-16GVK.thp,TH41,DDR4,0x74770A76,yes
G.Skill F4-3600C14-8 TESA.thp,TH41,DDR3,0x070096C6,yes
G.Skill F4-3600C14-8GTE A.thp,TH41,DDR3,0x070096C6,yes
G.Skill F4-3600C14-8GTES.thp,TH41,DDR3,0x070096C6,yes
G.Skill F4-3600C14-8GTESA (1).thp,TH41,DDR3,0x070096FB,yes
G.Skill F4-3600C14-8GTESA.thp,TH41,DDR3,0x070096C6,yes
G.Skill F4-3600C14-8GTZNB.thp,TH41,DDR4,0x74770A76,yes
G.Skill F4-3600C1458GTESA.thp,TH41,DDR3,0x070096C6,yes
G.Skill F4-3600C15-8GTZ (1).thp,TH41,DDR4,0x74770A76,yes
G.Skill F4-3600C15-8GTZ.thp,TH41,DDR3,0x070096C6,yes
G.Skill F4-3600C16-16GT N.thp,TH40,?,,no
G.Skill F4-3600C16-16GTRS.thp,TH41,DDR4,0x74770A76,yes
G.Skill F4-3600C16-16GTZNC (2) (1).thp,TH41,DDR4,0x74770A76,yes
G.Skill F4-3600C16-16GTZNC (5).thp,TH41,DDR4,0x74770A76,yes
G.Skill F4-3600C16-16GTZNC (6).thp,TH41,DDR3,0x07FF71FB,yes
G.Skill F4-3600C16-16GTZR.thp,TH41,DDR4,0x74770A76,yes
G.Skill F4-3600C16-16GVKC (2).thp,TH41,DDR3,0x070071C6,yes
G.Skill F4-3600C16-32GTRS.thp,TH41,DDR4,0x74770A76,yes
G.Skill F4-3600C16-32GTZR.thp,TH41,DDR4,0x74770A76,yes
G.Skill F4-3600C16-8GTRSC.thp,TH41,DDR4,0x74770A76,yes
G.Skill F4-3600C16-8GTZ.thp,TH40,?,,no
G.Skill F4-3600C16-8GTZNC.thp,TH41,DDR4,0x74770A76,yes
G.Skill F4-3600C16-8GTZR (2).thp,TH41,DDR4,0x74770A76,yes
G.Skill F4-3600C16-8GTZSW.thp,TH40,?,,no
G.Skill F4-3600C16-8GVKC.thp,TH41,DDR4,0x74770A76,yes
G.Skill F4-3600C17-16GTZSW.thp,TH41,DDR4,0x74770A76,yes
G.Skill F4-3600C18-16GTZN.thp,TH41,DDR4,0x74770A76,yes
G.Skill F4-3600C18-16GTZR.thp,TH41,DDR4,0x74770A76,yes
G.Skill F4-3600C18-16GVK.thp,TH41,DDR4,0x74770A76,yes
G.Skill F4-3600C18-32GTRS.thp,TH41,DDR4,0x74770A76,yes
G.Skill F4-3600C18-32GTZR.thp,TH41,DDR4,0x74770A76,yes
G.Skill F4-3600C18-8GTRS.thp,TH40,?,,no
G.Skill F4-3600C18-8GTZR (1).thp,TH40,?,,no
G.Skill F4-3600C18-8GTZR.thp,TH41,DDR4,0x74770A76,yes
G.Skill F4-3600C19-8GSXWB.thp,TH41,DDR4,0x74770A76,yes
G.Skill F4-4000C14-16GVK (1).thp,TH41,DDR4,0x74770A76,yes
G.Skill F4-4000C14-16GVK.thp,TH40,?,,no
G.Skill F4-4000C14-8GTZN.thp,TH41,DDR4,0x74770A76,yes
G.Skill F4-4000C15-8GTRG.thp,TH41,DDR4,0x74770A76,yes
G.Skill F4-4000C15-8GVK (1).thp,TH41,DDR4,0xB6B50A76,yes
G.Skill F4-4000C15-8GVK (2).thp,TH41,DDR3,0x070096C6,yes
G.Skill F4-4000C16-16GTZNA.thp,TH41,DDR4,0x74770A76,yes
G.Skill F4-4000C16-16GVK.thp,TH41,DDR4,0x74770A76,yes
G.Skill F4-4000C17-16GVKB.thp,TH41,DDR4,0x74770A76,yes
G.Skill F4-4000C17-8GTZR.thp,TH41,DDR4,0x74770A76,yes
G.Skill F4-4000C18-16GTRG.thp,TH41,DDR4,0x74770A76,yes
G.Skill F4-4000C18-16GTRS (1).thp,TH41,DDR3,0xF2FFF0C6,yes
G.Skill F4-4000C18-16GTRS (2).thp,TH41,DDR3,0x070071C6,yes
G.Skill F4-4000C18-16GTRS.thp,TH41,DDR4,0x74770A76,yes
G.Skill F4-4000C18-16GTZN (2).thp,TH41,DDR4,0x74770A76,yes
G.Skill F4-4000C18-16GTZN (3).thp,TH41,DDR4,0x74770A76,yes
G.Skill F4-4000C18-16GTZR (1).thp,TH41,DDR4,0x74770A76,yes
G.Skill F4-4000C18-16GTZR.thp,TH41,DDR4,0x74770A76,yes
G.Skill F4-4000C18-16GVK (1).thp,TH41,DDR3,0x07009604,yes
G.Skill F4-4000C18-16GVK.thp,TH41,DDR4,0x74770A76,yes
G.Skill F4-4000C18-32GVK (1).thp,TH41,DDR4,0x74770A76,yes
G.Skill F4-4000C18-8GTZSW.thp,TH41,DDR4,0x74770A76,yes
G.Skill F4-4000C18-8GVK.thp,TH41,DDR4,0x74770A76,yes
G.Skill F4-4400C17-16GVK.thp,TH41,DDR4,0x74770A76,yes
G.Skill F4-4400C19-16GTZR (2).thp,TH41,DDR3,0x07009604,yes
G.Skill F4-4400C19-16GTZR.thp,TH41,DDR4,0x74770A76,yes
G.Skill F4-4400C19-16GVK.thp,TH41,DDR4,0x74770A76,yes
G.Skill F4-4400C19-32GTZR.thp,TH41,DDR4,0x74770A76,yes
G.Skill F4-4600C20-32GTRS.thp,TH40,?,,no
G.Skill F4-4800C20-16GTRG.thp,TH41,DDR4,0x74770A76,yes
G.Skill F4-5066C20-8GTRS.thp,TH41,DDR4,0x74770A76,yes
GIGA-BYTE GP-ARS16G37.thp,TH40,?,,no
GTE BL16G30C15U4WL.M16.thp,TH20,?,,no
GeIL CL9-10-9 D3-1866.thp,TH20,DDR3,0x00000000,yes
Gloway International TYA4U3000E16081C.thp,TH40,?,,no
Gloway International YCT4U2666D19161C.thp,TH40,?,,no
GoldKey NMGD416E82-3200D.thp,TH41,DDR4,0x77613877,yes
GoldKey NMGD416E82-3600D.thp,TH41,DDR4,0x77613C77,yes
GoldKey NMUD416E82-3000D.thp,TH41,DDR4,0x75760B77,yes
GoldKey NMUD416E82-4400G.thp,TH41,DDR4,0x74770B84,yes
Hynix HMA41GS6AFR8N-TF (1).thp,TH41,DDR4,0x51041ACF,yes
Hynix HMA41GS6AFR8N-TF.thp,TH41,DDR4,0x52A5DC6A,yes
Hynix HMA42GR7MFR4N-TF.thp,TH41,DDR4,0x57E8C4B8,yes
Hynix HMA81GS6AFR8N-UH (1).thp,TH41,DDR4,0x358628AD,yes
Hynix HMA81GS6AFR8N-UH (2).thp,TH41,DDR4,0x5394FC16,yes
Hynix HMA81GS6AFR8N-UH.thp,TH41,DDR4,0xF65D057C,yes
Hynix HMA81GS6CJR8N-VK.thp,TH41,DDR4,0x59240DFC,yes
Hynix HMA81GS6CJR8N-XN.thp,TH41,DDR4,0x5596D73D,yes
Hynix HMA81GS6DJR8N-XN (1).thp,TH40,?,,no
Hynix HMA81GS6DJR8N-XN (2).thp,TH41,DDR4,0x56FB80C1,yes
Hynix HMA81GS6DJR8N-XN (3).thp,TH41,DDR4,0x50A55C46,yes
Hynix HMA81GS6DJR8N-XN.thp,TH41,DDR4,0xF04CB91F,yes
Hynix HMA81GS6JJR8N-VK (1).thp,TH41,DDR4,0x5BB03572,yes
Hynix HMA81GS6JJR8N-VK.thp,TH41,DDR4,0x06F3C0F0,yes
Hynix HMA81GU6AFR8N-UH (1).thp,TH41,DDR4,0x5DCEA334,yes
Hynix HMA81GU6AFR8N-UH (1)_1.thp,TH41,DDR4,0xE6F7D17C,yes
Hynix HMA81GU6AFR8N-UH.thp,TH41,DDR4,0x584147A7,yes
Hynix HMA82GS6CJR8N-VK (1).thp,TH41,DDR4,0x46BF51EC,yes
Hynix HMA82GS6CJR8N-VK.thp,TH41,DDR4,0x36B92EAA,yes
Hynix HMA851S6JJR6N-VK.thp,TH41,DDR4,0x5633C712,yes
Hynix HMA851U6AFR6N-UH.thp,TH41,DDR4,0x5DF41609,yes
Hynix HMT125U6TFR8C-H9.thp,TH20,DDR3,0x17140DD1,yes
Hynix HMT351U6BFR8C-H9.thp,TH20,DDR3,0x14112CEF,yes
Hynix HMT351U6CFR8C-H9.thp,TH20,DDR3,0x1062A0F5,yes
Hynix HMT351U6EFR8C-PB.thp,TH20,DDR3,0x3D9C8120,yes
Hynix HMT41GU6BFR8C-PB.thp,TH20,DDR3,0x3590345A,yes
Hynix HMT451S6BFR8A-PB (1).thp,TH20,DDR3,0x0E2070F7,yes
Hynix HMT451S6BFR8A-PB.thp,TH20,DDR3,0x369420E1,yes
Hynix HMT451S6MFR8C-PB.thp,TH20,DDR3,0x00222159,yes
Hynix HMT451U6AFR8A-PB.thp,TH20,DDR3,0x437F56DF,yes
Hynix Undefined.thp,TH20,DDR3,0x000005E1,yes
Hynix ZION.thp,TH20,DDR3,0x0000128E,yes
JUHOR JHD2133U1508JY.thp,TH41,DDR4,0x74772BCD,yes
JUHOR JHD3200U1808JY.thp,TH41,DDR4,0xA0B6653D,yes
Kingmax GZOG43F-18----------.thp,TH41,DDR4,0x74770A76,yes
Kingston 9905403-173.A00LF.thp,TH20,DDR3,0x84295F49,yes
Kingston 9905403-439.A00LF (1).thp,TH20,DDR3,0x5702C577,yes
Kingston 9905403-439.A00LF.thp,TH20,DDR3,0xDC2208F4,yes
Kingston 9905428-005.A02LF.thp,TH20,DDR3,0x7617D650,yes
Kingston 9905621-007.A00G.thp,TH20,DDR3,0x5436193A,yes
Kingston 9905625-030.A00G.thp,TH41,DDR4,0x985FFCE1,yes
Kingston 9905625-097.A00G.thp,TH41,DDR4,0xE95E5036,yes
Kingston 9905702-119.A00G.thp,TH41,DDR4,0xD43209AB,yes
Kingston 9905702-422.A00G.thp,TH41,DDR4,0xCAE93C8C,yes
Kingston 9905734-059.A00G.thp,TH41,DDR4,0x7CD3EB8F,yes
Kingston 9905734-102.A00G (1).thp,TH41,DDR4,0xCBC460FB,yes
Kingston 9905734-102.A00G.thp,TH41,DDR4,0x503BD6F7,yes
Kingston 9905744-077.A00G.thp,TH41,DDR4,0xD9034D38,yes
Kingston 9965745-020.A00G.thp,TH41,DDR4,0x2BFD7FF5,yes
Kingston 99P5471-011.A00LF.thp,TH20,DDR3,0x400EB5C2,yes
Kingston 99U5471-065.A00LF.thp,TH20,DDR3,0x15066C91,yes
Kingston 99U5584-005.A00LF.thp,TH20,DDR3,0x970E54DE,yes
Kingston 99U5701-036.A00G.thp,TH41,DDR4,0x677DC57F,yes
Kingston 99U5701-049.A00G.thp,TH41,DDR4,0x7B6A5578,yes
Kingston 99U5702-095.A00G.thp,TH41,DDR4,0xCBF5987D,yes
Kingston 99U5713-003.A00G.thp,TH40,?,,no
Kingston HP26D4U9S1ME-4 (1).thp,TH41,DDR4,0xA57B60BB,yes
Kingston HP26D4U9S1ME-4.thp,TH41,DDR4,0x7747F320,yes
Kingston HX318C10FK-8.thp,TH20,DDR3,0xFF78025D,yes
Kingston HX426C16FB2-8-SP.thp,TH41,DDR4,0x84710CD2,yes
Kingston K6VDX7-MIE.thp,TH41,DDR4,0x89CF0C75,yes
Kingston KF2666C16D4-8G.thp,TH41,DDR4,0x9AD56DB5,yes
Kingston KF3000C15D4-16GX.thp,TH41,DDR4,0xC5BA0431,yes
Kingston KF3200C16D4-16GX (1).thp,TH41,DDR4,0xA50C1FF5,yes
Kingston KF3200C16D4-16GX (2).thp,TH41,DDR4,0x2AA16719,yes
Kingston KF3200C16D4-16GX.thp,TH41,DDR4,0xEABBD713,yes
Kingston KF3200C16D4-32GX (1).thp,TH41,DDR4,0xF8F5AC72,yes
Kingston KF3200C16D4-32GX.thp,TH41,DDR4,0x2A07E830,yes
Kingston KF3200C16D4-8GX (1) (1).thp,TH41,DDR3,0x070096D2,yes
Kingston KF3200C16D4-8GX (1).thp,TH41,DDR4,0x82F1BE4E,yes
Kingston KF3200C16D4-8GX (2).thp,TH41,DDR4,0xCBC73E34,yes
Kingston KF3200C16D4-8GX.thp,TH41,DDR4,0xA3EB7225,yes
Kingston KF3200C20S4-16GX (1).thp,TH41,DDR4,0xADD1DFB3,yes
Kingston KF3200C20S4-16GX.thp,TH41,DDR4,0xDA35E60F,yes
Kingston KF3200C20S4-32GX.thp,TH41,DDR4,0xC0E59840,yes
Kingston KF3600C16D4-16GX (1).thp,TH41,DDR4,0xE00A0ABC,yes
Kingston KF3600C16D4-16GX (2).thp,TH41,DDR4,0x0CDFB2DB,yes
Kingston KF3600C16D4-16GX (3).thp,TH40,?,,no
Kingston KF3600C16D4-16GX (4).thp,TH41,DDR4,0x2BE7C767,yes
Kingston KF3600C16D4-16GX (5).thp,TH41,DDR4,0x2727A36D,yes
Kingston KF3600C16D4-16GX.thp,TH41,DDR4,0x261FB65D,yes
Kingston KF3600C16D4-8GX.thp,TH41,DDR4,0x5697D1C6,yes
Kingston KF3600C17D4-8GX (2).thp,TH41,DDR4,0xCCF20A55,yes
Kingston KF3600C17D4-8GX.thp,TH41,DDR4,0xC0FC1BCD,yes
Kingston KF3600C18D4-32GX.thp,TH40,?,,no
Kingston KF4266C19D4-16GX.thp,TH41,DDR4,0xF1021270,yes
Kingston KHX1600C10D3-4G.thp,TH20,DDR3,0x1A151273,yes
Kingston KHX1600C10D3-8GX.thp,TH20,DDR3,0x682A180A,yes
Kingston KHX1600C9D3-4GX (1).thp,TH20,DDR3,0x6A0A5229,yes
Kingston KHX1600C9D3-4GX (2).thp,TH20,DDR3,0x74207239,yes
Kingston KHX1600C9D3-4GX (3).thp,TH20,DDR3,0x780CD182,yes
Kingston KHX1600C9D3-4GX.thp,TH20,DDR3,0x0E2402A7,yes
Kingston KHX1600C9D3-8GX.thp,TH20,DDR3,0x72073A67,yes
Kingston KHX1866C10D3-4G.thp,TH20,DDR3,0x1312B219,yes
Kingston KHX1866C10D3-8G (1) (1).thp,TH20,DDR3,0x1A1C24A5,yes
Kingston KHX1866C10D3-8G (1).thp,TH20,DDR3,0x240A058E,yes
Kingston KHX1866C10D3-8G (2).thp,TH20,DDR3,0x502F1058,yes
Kingston KHX1866C10D3-8G.thp,TH20,DDR3,0x6811C705,yes
Kingston KHX2133C11D3-8GX (1).thp,TH20,DDR3,0x36265EA0,yes
Kingston KHX2133C11D3-8GX.thp,TH20,DDR3,0x780892DD,yes
Kingston KHX2133C14-16G (1).thp,TH41,DDR4,0xD351D9A6,yes
Kingston KHX2133C14-16G.thp,TH41,DDR4,0x73614B40,yes
Kingston KHX2133C14D4-4G.thp,TH41,DDR4,0xE774883F,yes
Kingston KHX2400C11D3-4GX.thp,TH20,DDR3,0x2F2A5082,yes
Kingston KHX2400C11D3-8GX.thp,TH20,DDR3,0x743AD7F5,yes
Kingston KHX2400C15-16G.thp,TH41,DDR4,0x616948B0,yes
Kingston KHX2400C15-8G (1).thp,TH41,DDR4,0x9FCD8720,yes
Kingston KHX2400C15-8G (1)_1.thp,TH41,DDR4,0x67A7F331,yes
Kingston KHX2400C15-8G.thp,TH41,DDR4,0x664539EF,yes
Kingston KHX2500C11D3-4GX.thp,TH20,DDR3,0x79299953,yes
Kingston KHX2666C15D4-8G.thp,TH41,DDR4,0xDC5999CA,yes
Kingston KHX2666C15S4-16G.thp,TH41,DDR4,0xADDB3EE3,yes
Kingston KHX2666C15S4-8G.thp,TH41,DDR4,0xBAD7F812,yes
Kingston KHX2666C16-16G.thp,TH41,DDR4,0x06CA43D5,yes
Kingston KHX2666C16-8G (1).thp,TH41,DDR4,0xC4EB4715,yes
Kingston KHX2666C16-8G (2).thp,TH40,?,,no
Kingston KHX2666C16-8G.thp,TH41,DDR4,0xD2E54E5C,yes
Kingston KHX2666C16D4-16GX.thp,TH41,DDR4,0x23C39C5A,yes
Kingston KHX2933C17D4-8G.thp,TH40,?,,no
Kingston KHX2933C17S4-32G.thp,TH41,DDR4,0xDB3BEB3E,yes
Kingston KHX3000C15-16GX.thp,TH41,DDR4,0x19D647BB,yes
Kingston KHX3000C15D4-8GX (1) (1).thp,TH41,DDR4,0x2AA311DE,yes
Kingston KHX3000C15D4-8GX (1).thp,TH41,DDR4,0x540FDA6D,yes
Kingston KHX3000C15D4-8GX (2).thp,TH41,DDR3,0x070096D2,yes
Kingston KHX3000C15D4-8GX (3).thp,TH41,DDR4,0xD2E96B5C,yes
Kingston KHX3000C15D4-8GX.thp,TH41,DDR4,0xD57FE022,yes
Kingston KHX3200C16D4-16GX (1).thp,TH40,?,,no
Kingston KHX3200C16D4-16GX (2).thp,TH41,DDR3,0x070096D2,yes
Kingston KHX3200C16D4-16GX.thp,TH41,DDR4,0x5D9C19C4,yes
Kingston KHX3200C16D4-32GX (1).thp,TH41,DDR4,0xCBFE3268,yes
Kingston KHX3200C16D4-32GX.thp,TH41,DDR4,0x19C401BD,yes
Kingston KHX3200C16D4-8GX (1) (1).thp,TH41,DDR4,0xCBDBB0D7,yes
Kingston KHX3200C16D4-8GX (1).thp,TH40,?,,no
Kingston KHX3200C16D4-8GX (2) (1).thp,TH41,DDR4,0xA1F41841,yes
Kingston KHX3200C16D4-8GX (2).thp,TH41,DDR4,0x7A579A0A,yes
Kingston KHX3200C16D4-8GX (3) (1).thp,TH41,DDR4,0x26033F5D,yes
Kingston KHX3200C16D4-8GX (3).thp,TH41,DDR4,0xDC72CC02,yes
Kingston KHX3200C16D4-8GX (4) (1).thp,TH41,DDR4,0x51083C94,yes
Kingston KHX3200C16D4-8GX (4).thp,TH41,DDR3,0x070096D2,yes
Kingston KHX3200C16D4-8GX (5).thp,TH41,DDR4,0xCAC05E20,yes
Kingston KHX3200C16D4-8GX.thp,TH41,DDR4,0xCAFA3B2A,yes
Kingston KHX3200C18D4-8G (1).thp,TH41,DDR4,0x854710C2,yes
Kingston KHX3200C18D4-8G.thp,TH41,DDR4,0x8C525F70,yes
Kingston KHX3200C20S4-16G.thp,TH41,DDR4,0xDD033A79,yes
Kingston KHX3333C16D4-8GX.thp,TH41,DDR4,0x510D50B5,yes
Kingston KHX3466C16D4-16GX (1).thp,TH40,?,,no
Kingston KHX3466C16D4-16GX.thp,TH41,DDR3,0x070096D2,yes
Kingston KHX3466C16Z4-16GX.thp,TH41,DDR3,0x070096D2,yes
Kingston KHX3600C17D4-16GX.thp,TH41,DDR4,0x6740A31B,yes
Kingston KHX3600C17D4-8GX (1).thp,TH41,DDR4,0x1F7F43E5,yes
Kingston KHX3600C17D4-8GX (2).thp,TH41,DDR4,0xCCDC3943,yes
Kingston KHX3600C17D4-8GX.thp,TH41,DDR4,0x55195363,yes
Kingston KHX3600C18D4-32GX (1).thp,TH41,DDR4,0x02D3FF9E,yes
Kingston KHX3600C18D4-32GX.thp,TH41,DDR4,0x2487D886,yes
Kingston SNY1600S11-4G-EDEG.thp,TH20,DDR3,0x6D0AA08A,yes
Kllisre KHX1866C10D3-8G (1).thp,TH20,DDR3,0x522C5C21,yes
Kllisre KHX1866C10D3-8G.thp,TH20,DDR3,0x522C5BB9,yes
Kllisre M393B5170GB0-CH9.thp,TH20,DDR3,0x87BA56CF,yes
Lexar Co Limited LD4BU016G-H3600U0H (1).thp,TH41,DDR4,0x44DA0ABD,yes
Lexar Co Limited LD4BU016G-H3600U0H.thp,TH41,DDR4,0x44DA0A4D,yes
Micron 16ATF1G64AZ-2G3A2.thp,TH41,DDR4,0x657C39D2,yes
Micron 16ATF2G64AZ-3G2J1.thp,TH41,DDR4,0x51E67771,yes
Micron 16HTF25664AY-800J1.thp,TH20,?,,no
Micron 18ASF4G72AZ-3G2B1.thp,TH41,DDR4,0x5C290E5F,yes
Micron 4ATF1G64HZ-3G2B2.thp,TH41,DDR4,0x5987760A,yes
Micron 8ATF1G64HZ-2G6E1 (1).thp,TH41,DDR4,0x559F70D2,yes
Micron 8ATF1G64HZ-2G6E1.thp,TH41,DDR4,0x55CDCF06,yes
Micron 8ATF1G64HZ-3G2J1.thp,TH41,DDR4,0x59471372,yes
Micron 8KTF51264HZ-1G6P1.thp,TH20,DDR3,0x1262F70F,yes
Micron AFLD38BK1P.thp,TH20,DDR3,0x00000000,yes
Mushkin Enhanced MFG 992124 (997124).thp,TH20,DDR3,0x00000000,yes
Nanya 16G3200CL16RGB.thp,TH41,DDR4,0x74770A76,yes
Nanya M2S4G64CB8HD5N-CG (1).thp,TH20,DDR3,0x639B2466,yes
Nanya M2S4G64CB8HD5N-CG.thp,TH20,DDR3,0x220E1341,yes
"OCPC Gaming USA, Inc. MMX8GD432C16C.thp",TH41,DDR4,0x74770A76,yes
PNY Electronics 8GBF1X08QFHH38-135-K.thp,TH41,DDR4,0x74770A76,yes
PNY Electronics 8GBF1X08SHLL42-135-K (1).thp,TH41,DDR4,0x74770A76,yes
PNY Electronics 8GBF1X08SHLL42-135-K (2).thp,TH41,DDR4,0x74770A76,yes
PNY Electronics 8GBF1X08SHLL42-135-K.thp,TH41,DDR3,0x070096C6,yes
Panram W4U3200PS-16G.thp,TH41,DDR3,0x07009604,yes
Patriot Memory 1866 CL10 Series (1).thp,TH20,DDR3,0x11090116,yes
Patriot Memory 1866 CL10 Series.thp,TH20,DDR3,0x00000000,yes
Patriot Memory 2800 C16 Series (1).thp,TH41,DDR4,0x74770A76,yes
Patriot Memory 2800 C16 Series.thp,TH41,DDR4,0x74770A76,yes
Patriot Memory 3000 C16 Series (1).thp,TH41,DDR4,0x74770A76,yes
Patriot Memory 3000 C16 Series.thp,TH41,DDR4,0x74770A76,yes
Patriot Memory 3200 C16 Series (1).thp,TH41,DDR4,0x74770A76,yes
Patriot Memory 3200 C16 Series (1)_1.thp,TH41,DDR4,0x7D540B5A,yes
Patriot Memory 3200 C16 Series (2).thp,TH41,DDR4,0x65540B96,yes
Patriot Memory 3200 C16 Series (3).thp,TH41,DDR4,0x77620D25,yes
Patriot Memory 3200 C16 Series.thp,TH41,DDR4,0x64620A5F,yes
Patriot Memory 3600 C17 Series (1).thp,TH41,DDR4,0x77620B86,yes
Patriot Memory 3600 C17 Series (2).thp,TH41,DDR3,0x070071C6,yes
Patriot Memory 3600 C17 Series.thp,TH41,DDR4,0x77460B28,yes
Patriot Memory 3600 C18 Series (1).thp,TH41,DDR4,0x64640A49,yes
Patriot Memory 3600 C18 Series (2).thp,TH40,?,,no
Patriot Memory 3600 C18 Series.thp,TH41,DDR4,0x70470A8C,yes
Patriot Memory 3733 C17 Series (2).thp,TH40,?,,no
Patriot Memory 3733 C17 Series (3).thp,TH41,DDR4,0x667F0833,yes
Patriot Memory 3733 C17 Series.thp,TH41,DDR4,0x7D740B45,yes
Patriot Memory 3866 C18 Series.thp,TH41,DDR4,0x74770A76,yes
Patriot Memory 4000 C19 Series (2).thp,TH41,DDR4,0x74770A77,yes
Patriot Memory 4000 C19 Series (3).thp,TH41,DDR4,0x7C720981,yes
Patriot Memory 4000 C19 Series.thp,TH41,DDR4,0x7C75088B,yes
Patriot Memory 4000 C20 Series (1).thp,TH41,DDR4,0x72620AA3,yes
Patriot Memory 4000 C20 Series.thp,TH41,DDR4,0x71640AD1,yes
Patriot Memory 4133 C19 Series.thp,TH41,DDR4,0x8B772DF5,yes
Patriot Memory 4400 C18 Series (1).thp,TH41,DDR4,0x74776DF9,yes
Patriot Memory 4400 C18 Series.thp,TH41,DDR4,0x7C6508F7,yes
Patriot Memory 4400 C19 Series (1).thp,TH41,DDR4,0x72730955,yes
Patriot Memory 4400 C19 Series (2).thp,TH41,DDR4,0x74770A76,yes
Patriot Memory 4400 C19 Series.thp,TH41,DDR4,0x645004E9,yes
Patriot Memory K4A8G085WB-BCPB.thp,TH41,DDR4,0x74770A76,yes
Patriot Memory PSD34G13332.thp,TH20,DDR3,0x00000000,yes
Patriot Memory PSD416G21332.thp,TH40,?,,no
Patriot Memory PSD48G240081 (1).thp,TH40,?,,no
Patriot Memory PSD48G240081.thp,TH41,DDR4,0x74770A76,yes
Patriot Memory PSD48G266681.thp,TH41,DDR4,0x66630806,yes
Patriot Memory PSD48G320081.thp,TH41,DDR3,0x07009604,yes
Positivo Informatica Ltd 76.B146G.C340C.thp,TH20,DDR3,0x02311144,yes
Qimonda 64T128020EDL2.5C2.thp,TH20,?,,no
Ramaxel RMR5040ED58E9W1600.thp,TH20,DDR3,0x0628841A,yes
Ramaxel RMSA3330MJ78HBF-3200.thp,TH40,?,,no
Samsung M378A1G43EB1-CRC.thp,TH41,DDR4,0x43199E42,yes
Samsung M378A1G44AB0-CWE.thp,TH41,DDR4,0x351B96C9,yes
Samsung M378A1K43BB2-CRC (1).thp,TH41,DDR4,0xE4ED2596,yes
Samsung M378A1K43BB2-CRC.thp,TH41,DDR4,0x35200FE0,yes
Samsung M378A1K43CB2-CRC.thp,TH40,?,,no
Samsung M378A1K43CB2-CTD (1).thp,TH40,?,,no
Samsung M378A1K43CB2-CTD.thp,TH40,?,,no
Samsung M378A2K43CB1-CTD.thp,TH41,DDR4,0x35179F74,yes
Samsung M378A4G43MB1-CTD.thp,TH41,DDR4,0x77A7ED87,yes
Samsung M378A5244CB0-CRC.thp,TH41,DDR4,0x6DAC7A05,yes
Samsung M378B5273CH0-CH9 (1).thp,TH20,DDR3,0x934A49DF,yes
Samsung M378B5273CH0-CH9.thp,TH20,DDR3,0x6466BE2B,yes
Samsung M378B5773DH0-CK0.thp,TH20,DDR3,0x959FFCC7,yes
Samsung M471A1G43DB0-CPB.thp,TH41,DDR4,0x61471B11,yes
Samsung M471A1K43BB1-CRC.thp,TH41,DDR4,0x56B95B05,yes
Samsung M471A1K43CB1-CTD.thp,TH41,DDR4,0x3500E6E0,yes
Samsung M471A1K43EB1-CWE.thp,TH41,DDR4,0x549B2360,yes
Samsung M471A2K43BB1-CPB.thp,TH41,DDR4,0x632D02AE,yes
Samsung M471A2K43DB1-CTD (1).thp,TH41,DDR4,0x47B5EA04,yes
Samsung M471A2K43DB1-CTD.thp,TH41,DDR4,0x40C30C1F,yes
Samsung M471A5244CB0-CTD.thp,TH41,DDR4,0x4789D923,yes
Samsung M471B1G73EB0-YK0.thp,TH20,DDR3,0x318D2129,yes
Samsung M471B5173EB0-YK0.thp,TH20,DDR3,0x94CF073A,yes
Samsung M471B5273DH0-CH9.thp,TH20,DDR3,0x001EE534,yes
Samsung M471B5273EB0-CK0.thp,TH20,DDR3,0x94AF1195,yes
Samsung M471B5773CHS-CH9.thp,TH20,DDR3,0x960D7A73,yes
Samsung M471B5773DH0-CH9.thp,TH20,DDR3,0x949A5D64,yes
Samsung Undefined.thp,TH20,DDR3,0x00000000,yes
Team Group TEAMGROUP-SD4-3200 (1).thp,TH41,DDR4,0x75730833,yes
Team Group TEAMGROUP-SD4-3200.thp,TH40,?,,no
Team Group TEAMGROUP-UD4-2666.thp,TH41,DDR4,0x75D30C68,yes
Team Group TEAMGROUP-UD4-3000.thp,TH41,DDR4,0x7573B782,yes
Team Group TEAMGROUP-UD4-3200 (1) (1).thp,TH41,DDR4,0x75730FF5,yes
Team Group TEAMGROUP-UD4-3200 (1).thp,TH41,DDR4,0x7573E274,yes
Team Group TEAMGROUP-UD4-3200 (2).thp,TH41,DDR4,0x75D31F51,yes
Team Group TEAMGROUP-UD4-3200 (3) (1).thp,TH41,DDR4,0x757308FF,yes
Team Group TEAMGROUP-UD4-3200 (3).thp,TH40,?,,no
Team Group TEAMGROUP-UD4-3200 (4) (1).thp,TH41,DDR4,0x7573F89D,yes
Team Group TEAMGROUP-UD4-3200 (4).thp,TH41,DDR4,0x75D30339,yes
Team Group TEAMGROUP-UD4-3200 (5) (1).thp,TH41,DDR3,0xCEC971D2,yes
Team Group TEAMGROUP-UD4-3200 (5).thp,TH41,DDR4,0x7573074A,yes
Team Group TEAMGROUP-UD4-3200 (6).thp,TH41,DDR4,0x7573E8D0,yes
Team Group TEAMGROUP-UD4-3200 (7).thp,TH41,DDR4,0x75D30358,yes
Team Group TEAMGROUP-UD4-3200 (8).thp,TH41,DDR4,0x7573A574,yes
Team Group TEAMGROUP-UD4-3200 (9).thp,TH41,DDR4,0x7573F749,yes
Team Group TEAMGROUP-UD4-3200.thp,TH41,DDR4,0x7573BDDE,yes
Team Group TEAMGROUP-UD4-3600 (1) (1).thp,TH41,DDR4,0x75730AEB,yes
Team Group TEAMGROUP-UD4-3600 (1).thp,TH41,DDR4,0x757308E0,yes
Team Group TEAMGROUP-UD4-3600 (2) (1).thp,TH41,DDR4,0x757354E3,yes
Team Group TEAMGROUP-UD4-3600 (2).thp,TH41,DDR3,0xCEC996D2,yes
Team Group TEAMGROUP-UD4-3600 (3).thp,TH41,DDR4,0x75730879,yes
Team Group TEAMGROUP-UD4-3600 (4).thp,TH41,DDR4,0x75732C01,yes
Team Group TEAMGROUP-UD4-3600.thp,TH41,DDR4,0x75736DBE,yes
Team Group TEAMGROUP-UD4-3733.thp,TH41,DDR4,0x7573FA3E,yes
Team Group TEAMGROUP-UD4-4000.thp,TH41,DDR3,0xCEC996D2,yes
Transcend Information JM2666HSE-16G.thp,TH41,DDR4,0x74770B63,yes
Transcend Information TS1GLK64V6H.thp,TH20,DDR3,0x000A759D,yes
UltraMemory Inc Undefined.thp,TH41,DDR4,0x7071137E,yes
Undefined GR1333D364L9-2G.thp,TH20,DDR3,0x00000000,yes
Undefined Undefined (1).thp,TH50,?,,no
Undefined Undefined (2).thp,TH20,?,,no
Undefined Undefined (3).thp,TH50,?,,no
Unknown (JEDEC ID 090Dh) CL17-17-17 D4-2400.thp,TH41,DDR4,0x74770CC3,yes
Unknown (JEDEC ID 090Dh) HMT41GS6MFR8C-PB.thp,TH20,DDR3,0x291DE63B,yes
Wilk Elektronik GR1600D364L11-4G.thp,TH20,DDR3,0x00000000,yes
Wilk Elektronik GR2666D464L19S-8G.thp,TH41,DDR4,0x74772B2F,yes
Wilk Elektronik GR3200S464L22S-8G.thp,TH41,DDR4,0x08810D36,yes
Wilk Elektronik IRP3600D4V64L17-16G.thp,TH41,DDR4,0xEB940866,yes
Wilk Elektronik IRX2666D464L16S-4G.thp,TH41,DDR4,0x74770A76,yes
Wilk Elektronik IRX2666D464L16S-8G.thp,TH41,DDR4,0x74770A76,yes
A-DATA DDR4 2666 2OZ (1).thp,TH41,DDR4,0xEE5D0876,yes
A-DATA DDR4 2666 2OZ.thp,TH41,DDR4,0x977D0B76,yes
A-DATA DDR4 3000.thp,TH41,DDR4,0x53970E76,yes
A-DATA DDR4 3200 (1).thp,TH41,DDR4,0xDE4E0A76,yes
A-DATA DDR4 3200 (2).thp,TH41,DDR4,0xD07A0A76,yes
A-DATA DDR4 3200 (3).thp,TH41,DDR4,0xD4CC0B76,yes
A-DATA DDR4 3200 (4).thp,TH41,DDR4,0xBB250B76,yes
A-DATA DDR4 3200.thp,TH41,DDR4,0x941F0A76,yes
A-DATA DDR4 4133.thp,TH41,DDR3,0x07009604,yes
A-DATA MI64C1D1629Z1.thp,TH20,DDR3,0x000064B6,yes
A-DATA Undefined.thp,TH41,DDR4,0x9E7A0876,yes
AMD R538G1601U2S.thp,TH20,DDR3,0x00000000,yes
AMD R5S38G1601U2S.thp,TH20,DDR3,0x00000000,yes
AMD R948G3000U2S.thp,TH41,DDR4,0x74770A76,yes
AMD R9S48G3206U2S.thp,TH41,DDR3,0x070096D2,yes
Air Computers SRL SMSD304160011TA7L.thp,TH20,DDR3,0x00000000,yes
Apacer 78.B1GM3.AUW0B.thp,TH40,?,,no
Apacer 78.C1GET.CP10C.thp,TH20,DDR3,0x02013403,yes
Asgard VMA45UG-MEC1U2AW2.thp,TH41,DDR4,0xA0B66500,yes
Avexir DDR3-2400 CL10 8GB (2).thp,TH20,DDR3,0x00000000,yes
Avexir DDR3-2400 CL10 8GB.thp,TH20,DDR3,0x00000000,yes
Avexir DDR3-2666 CL11 8GB.thp,TH20,DDR3,0x00000000,yes
Avexir DDR3-2666 CL12 8GB.thp,TH20,DDR3,0x00000000,yes
Avexir Undefined.thp,TH41,DDR4,0x7274D348,yes
BIWIN Storage Co Ltd 7EH74AA#.thp,TH41,DDR4,0x74770A76,yes
BIWIN Storage Co Ltd BL.9BWWR.288.thp,TH41,DDR4,0x74770A76,yes
Chun Well Holding Ltd. D4U0830160B.thp,TH41,DDR3,0x07009604,yes
Chun Well Holding Ltd. D4U0836144B.thp,TH41,DDR4,0x74770A76,yes
Chun Well Holding Ltd. MD4U0842180BRADE.thp,TH41,DDR4,0x74770A76,yes
Corsair CM4X16GC3000C16K4D.thp,TH41,DDR4,0x74770A76,yes
Corsair CMD8GX3M2A1600C9.thp,TH20,DDR3,0x00000000,yes
Corsair CMH32GX4M2D3600C18 (1).thp,TH41,DDR3,0x070071C6,yes
Corsair CMH32GX4M2D3600C18.thp,TH41,DDR4,0x74770A76,yes
Corsair CMH32GX4M2Z3600C18.thp,TH41,DDR4,0x74770A76,yes
Corsair CMK128GX4M8E3200C16.thp,TH41,DDR4,0x74770A76,yes
Corsair CMK16GX4M1D3000C16.thp,TH41,DDR4,0x74770A76,yes
Corsair CMK16GX4M2A2400C16.thp,TH41,DDR4,0x74770A76,yes
Corsair CMK16GX4M2A2666C16.thp,TH41,DDR4,0x74770A76,yes
Corsair CMK16GX4M2B3000C15.thp,TH41,DDR4,0x74770A76,yes
Corsair CMK16GX4M2B3200C16 (3).thp,TH41,DDR4,0x74770A76,yes
Corsair CMK16GX4M2B3200C16 (4).thp,TH40,?,,no
Corsair CMK16GX4M2B3200C16 (5).thp,TH41,DDR4,0x74770A76,yes
Corsair CMK16GX4M2B3200C16.thp,TH41,DDR4,0x74770A76,yes
Corsair CMK16GX4M2D3000C16.thp,TH41,DDR4,0x74770A76,yes
Corsair CMK16GX4M2D3600C16.thp,TH41,DDR3,0x070071C6,yes
Corsair CMK16GX4M2Z3200C16.thp,TH41,DDR4,0x74770A76,yes
Corsair CMK16GX4M2Z3600C18.thp,TH41,DDR4,0x74770A76,yes
Corsair CMK32GX4M2A2400C14.thp,TH41,DDR4,0x74770A76,yes
Corsair CMK32GX4M2B3200C16 (2).thp,TH41,DDR4,0x74770A76,yes
Corsair CMK32GX4M2B3200C16.thp,TH41,DDR4,0x74770A76,yes
Corsair CMK32GX4M2D3000C16.thp,TH41,DDR3,0x070071C6,yes
Corsair CMK32GX4M2D3600C18 (1).thp,TH41,DDR4,0x74770A76,yes
Corsair CMK32GX4M2D3600C18.thp,TH41,DDR4,0x74770A76,yes
Corsair CMK32GX4M2E3200C16.thp,TH41,DDR4,0x74770A76,yes
Corsair CMK32GX4M2Z3600C18.thp,TH41,DDR4,0x74770A76,yes
Corsair CMK64GX4M2E3200C16.thp,TH41,DDR4,0x74770A76,yes
Corsair CMK64GX4M4B3333C16.thp,TH40,?,,no
Corsair CMK8GX4M1A2400C16.thp,TH41,DDR3,0xCEC971D2,yes
Corsair CMR16GX4M2C3200C16.thp,TH41,DDR4,0x74770A76,yes
Corsair CMSX32GX4M2A2933C19.thp,TH41,DDR4,0x74770A76,yes
Corsair CMSX8GX3M1A1600C10.thp,TH20,DDR3,0x00000000,yes
Corsair CMSX8GX3M2A1866C10.thp,TH20,DDR3,0x00000000,yes
Corsair CMT16GX4M2C3200C16.thp,TH41,DDR3,0x070071C6,yes
Corsair CMT16GX4M2G4000C16.thp,TH41,DDR4,0x74770A76,yes
Corsair CMT32GX4M2C3200C16.thp,TH41,DDR4,0x74770A76,yes
Corsair CMT32GX4M2Z4000C16.thp,TH41,DDR4,0x74770A76,yes
Corsair CMW16GX4M2C3200C16 (1).thp,TH41,DDR3,0x070071C6,yes
Corsair CMW16GX4M2C3200C16.thp,TH41,DDR4,0x74770A76,yes
Corsair CMW16GX4M2D3600C18.thp,TH41,DDR3,0x070071C6,yes
Corsair CMW32GX4M2C3200C16.thp,TH41,DDR4,0x74770A76,yes
Corsair CMW32GX4M2E3200C16 (1).thp,TH41,DDR4,0x74770A76,yes
Corsair CMW32GX4M2E3200C16 (2).thp,TH41,DDR4,0x74770A76,yes
Corsair CMW32GX4M2E3200C16.thp,TH41,DDR4,0x74770A76,yes
Corsair CMW32GX4M2Z3600C18.thp,TH41,DDR4,0x74770A76,yes
Corsair CMW32GX4M2Z4000C18.thp,TH41,DDR4,0x74770A76,yes
Corsair CMW64GX4M4D3600C18.thp,TH41,DDR4,0x74770A76,yes
Corsair CMWX16GC3200C16W4.thp,TH40,?,,no
Corsair CMX16GX3M2A1333C9.thp,TH20,DDR3,0x00000000,yes
Corsair CMX8GX3M2A1600C9.thp,TH20,DDR3,0x00000000,yes
Corsair CMZ16GX3M4A1600C9.thp,TH20,DDR3,0x45048699,yes
Corsair CMZ8GX3M2A1600C9.thp,TH20,DDR3,0x00000000,yes
Crucial BL1  32C16U4BL.M8FB1.thp,TH41,DDR3,0x07009604,yes
Crucial BL16G30C15U4B.M16FE.thp,TH41,DDR4,0x916CF1DF,yes
Crucial BL16G30C15U4B.M8FB1.thp,TH41,DDR4,0x919054CF,yes
Crucial BL16G32C16S4B.16FE (1).thp,TH41,DDR4,0x9271190C,yes
Crucial BL16G32C16S4B.16FE.thp,TH41,DDR4,0x92462827,yes
Crucial BL16G32C16U4B.16FE (1).thp,TH41,DDR4,0x924E96F5,yes
Crucial BL16G32C16U4B.16FE (2).thp,TH41,DDR4,0x924E9173,yes
Crucial BL16G32C16U4B.16FE (3).thp,TH41,DDR4,0x91295C03,yes
Crucial BL16G32C16U4B.16FE (4).thp,TH41,DDR4,0x924EAC55,yes
Crucial BL16G32C16U4B.16FE (5).thp,TH41,DDR4,0x923246E9,yes
Crucial BL16G32C16U4B.16FE (6).thp,TH41,DDR4,0x924995BB,yes
Crucial BL16G32C16U4B.16FE (7).thp,TH41,DDR4,0x9249A17A,yes
Crucial BL16G32C16U4B.16FE.thp,TH40,?,,no
Crucial BL16G32C16U4B.M16FE1.thp,TH41,DDR4,0x925323C4,yes
Crucial BL16G32C16U4BL.M16FE.thp,TH41,DDR4,0x9718E3B8,yes
Crucial BL16G32C16U4R.M16FE.thp,TH41,DDR4,0x90250B2B,yes
Crucial BL16G32C16U4W.M16FE.thp,TH41,DDR4,0x917EEE79,yes
Crucial BL16G36C16U4B.M16FE1 (1).thp,TH41,DDR4,0x9247304A,yes
Crucial BL16G36C16U4B.M16FE1 (2).thp,TH41,DDR4,0x925DA749,yes
Crucial BL16G36C16U4B.M16FE1.thp,TH41,DDR4,0x925DAB8E,yes
Crucial BL16G36C16U4B.M8FB1.thp,TH41,DDR4,0x97BC1EC5,yes
Crucial BL16G36C16U4W.M16FE1 (1).thp,TH41,DDR4,0x928FA0BF,yes
Crucial BL16G36C16U4W.M16FE1.thp,TH41,DDR4,0x9244C421,yes
Crucial BL16G36C16U4WL.M8FB1.thp,TH41,DDR4,0x91ABF0B4,yes
Crucial BL8G 0C 5U   .  F.thp,TH41,DDR3,0xF8FF8E04,yes
Crucial BL8G26C16S4B.8FD.thp,TH41,DDR4,0x919AB56D,yes
Crucial BL8G30C15U4W.M8FE.thp,TH41,DDR4,0x97C9C92D,yes
Crucial BL8G32C16U4B.8FE (1).thp,TH41,DDR4,0x91315E9F,yes
Crucial BL8G32C16U4B.8FE (2).thp,TH41,DDR4,0x911ADA5E,yes
Crucial BL8G32C16U4B.8FE (3).thp,TH41,DDR4,0x912D25A8,yes
Crucial BL8G32C16U4B.8FE.thp,TH41,DDR4,0x912D23B3,yes
Crucial BL8G32C16U4B.M8FE.thp,TH41,DDR4,0x97BCB6EA,yes
Crucial BL8G32C16U4WL.M8FE.thp,TH41,DDR4,0x97D036E6,yes
Crucial BL8G36C16U4BL.M8FE1 (1).thp,TH41,DDR4,0x9244AEF6,yes
Crucial BL8G36C16U4BL.M8FE1.thp,TH41,DDR4,0x9258FE32,yes
Crucial BL8G36C16U4R.M8FE1.thp,TH41,DDR4,0x918370E1,yes
Crucial BL8G36C16U4W.M8FE1.thp,TH41,DDR4,0x91A72A40,yes
Crucial BLM8G40C18U4B.M8FE1.thp,TH41,DDR4,0x919AC6D7,yes
Crucial BLS16G4D30AESB.M16FE.thp,TH41,DDR4,0x9632C68E,yes
Crucial BLS16G4D30AESE.M16FE.thp,TH41,DDR4,0x949C534D,yes
Crucial BLS8G4D26BFSC.16FE.thp,TH41,DDR4,0x9FD5C346,yes
Crucial BLS8G4D30AESCK.M8FE.thp,TH41,DDR4,0x95CD4188,yes
Crucial BLS8G4D32AESBK.M8FE.thp,TH41,DDR4,0x95C95789,yes
Crucial BLS8G4D32AESBK.M8FE1.thp,TH41,DDR4,0x9761E7DC,yes
Crucial BLT8G3D1608ET3LX0..thp,TH20,DDR3,0xAD046665,yes
Crucial CT102464BD160B.M16.thp,TH20,DDR3,0xE337CFBE,yes
Crucial CT102464BF160B.thp,TH20,DDR3,0xBE41BE1F,yes
Crucial CT16G4SFD832A.M16FRS.thp,TH41,DDR4,0x918E0F42,yes
Crucial CT32G4SFD832A.M16FF.thp,TH41,DDR4,0x924BC504,yes
Crucial CT51264BF160BJ.C8F.thp,TH20,DDR3,0x16230217,yes
Crucial CT8G4DFD824A.M16FB.thp,TH41,DDR4,0x94C51BBD,yes
Crucial CT8G4DFS8266.C8FE.thp,TH41,DDR4,0x96906D8A,yes
Crucial CT8G4DFS8266.M8FD (1).thp,TH41,DDR4,0x52453B9B,yes
Crucial CT8G4DFS8266.M8FD.thp,TH41,DDR4,0x5016E810,yes
Crucial CT8G4SFS832A.M8FRS.thp,TH41,DDR4,0x913A980B,yes
Cuso YX4U2666D19081C.thp,TH41,DDR4,0xA0B67A7B,yes
Elpida EBJ21UE8BDS0-AE-F.thp,TH20,DDR3,0xA6D104DB,yes
Elpida EBJ41HE4BAFA-DJ-E.thp,TH20,DDR3,0x2B1FC9FA,yes
Elpida EBJ41HE4BAFP-DJ-E.thp,TH20,DDR3,0x2B20F666,yes
Essencore KD48GU88C-26N1900.thp,TH41,DDR4,0x23F62E50,yes
Essencore KD4AGS88C-32N220D.thp,TH41,DDR4,0x921F356D,yes
Essencore KD4AGU880-32A160U.thp,TH40,?,,no
G.Skill F - 4 0 1 - 2 T S.thp,TH41,DDR3,0x07009604,yes
G.Skill F3-12800CL9-4GBRL.thp,TH20,DDR3,0x00000000,yes
G.Skill F3-12800CL9-4GBXL.thp,TH20,DDR3,0x00000000,yes
G.Skill F3-16000CL8-4GBTDD.thp,TH20,DDR3,0x00000000,yes
G.Skill F3-1600C10-8GAO.thp,TH20,DDR3,0x00000000,yes
G.Skill F3-2400C10-8GTX.thp,TH20,DDR3,0x00000000,yes
G.Skill F4-2400C14-16GVK.thp,TH41,DDR4,0x74770A76,yes
G.Skill F4-2400C15-8GTZR.thp,TH41,DDR4,0x74770A76,yes
G.Skill F4-2666C18-8GTZR.thp,TH41,DDR4,0x74770A76,yes
G.Skill F4-3000C16-16GRS.thp,TH41,DDR4,0x74F51A07,yes
G.Skill F4-3200C14-16GFX.thp,TH41,DDR4,0x74770A76,yes
G.Skill F4-3200C14-16GTZR (1).thp,TH41,DDR4,0x74770A76,yes
G.Skill F4-3200C14-16GTZR.thp,TH41,DDR4,0x74770A76,yes
G.Skill F4-3200C14-8GTZ.thp,TH41,DDR4,0x74770A76,yes
G.Skill F4-3200C14-8GTZR.thp,TH41,DDR3,0x070096C6,yes
G.Skill F4-3200C14-8GTZRX.thp,TH41,DDR4,0x74770A76,yes
G.Skill F4-3200C16-16GFX.thp,TH41,DDR4,0x74770A76,yes
G.Skill F4-3200C16-16GTRG.thp,TH41,DDR4,0x74770A76,yes
G.Skill F4-3200C16-16GTZN.thp,TH41,DDR4,0x74770A76,yes
G.Skill F4-3200C16-16GTZR (1).thp,TH41,DDR4,0x74770A76,yes
G.Skill F4-3200C16-16GTZR.thp,TH41,DDR4,0x74770A76,yes
G.Skill F4-3200C16-4GVKB.thp,TH41,DDR4,0x74770A76,yes
G.Skill F4-3200C16-8GIS.thp,TH41,DDR4,0x74770A76,yes
G.Skill F4-3200C16-8GSXWB.thp,TH41,DDR3,0x070096C6,yes
G.Skill F4-3200C16-8GTZN.thp,TH41,DDR4,0x74770A76,yes
G.Skill F4-3200C16-8GTZR.thp,TH41,DDR3,0x070096C6,yes
G.Skill F4-3200C16-8GVGB.thp,TH41,DDR4,0x74770A76,yes
G.Skill F4-3200C16-8GVKB (2).thp,TH41,DDR4,0x74770A76,yes
G.Skill F4-3200C16-8GVKB (3).thp,TH41,DDR4,0x74770A76,yes
G.Skill F4-3200C16-8GVKB (4).thp,TH41,DDR4,0x74770A76,yes
G.Skill F4-3200C16-8GVKB.thp,TH41,DDR4,0x74770A76,yes
G.Skill F4-3200C18-16GRS (1).thp,TH41,DDR4,0x74E73A77,yes
G.Skill F4-3200C18-16GRS.thp,TH41,DDR4,0x74E73A77,yes
G.Skill F4-3400C16-8GSXW.thp,TH41,DDR4,0x74770A76,yes
G.Skill F4-3600C14-16GTEGA.thp,TH41,DDR4,0x74770A76,yes
G.Skill F4-3600C14-16GTESA.thp,TH41,DDR4,0x74770A76,yes
G.Skill F4-3600C14-16GTRSA.thp,TH41,DDR4,0x74770A76,yes
G.Skill F4-3600C14-16GTZN.thp,TH41,DDR4,0x74770A76,yes
G.Skill F4-3600C14-16GTZNA.thp,TH41,DDR4,0x74770A76,yes
G.Skill F4-3600C14-16GVKA.thp,TH41,DDR4,0x74770A76,yes
G.Skill F4-3600C14-8GTEGA.thp,TH41,DDR4,0x74770A76,yes
G.Skill F4-3600C14-8GTRGB.thp,TH41,DDR4,0x74770A76,yes
G.Skill F4-3600C14-8GTRSB.thp,TH41,DDR4,0x74770A76,yes
G.Skill F4-3600C14-8GTZNA.thp,TH40,?,,no
G.Skill F4-3600C14-8GTZRA.thp,TH41,DDR4,0x74770A76,yes
G.Skill F4-3600C15-8GTZ.thp,TH41,DDR4,0x74770A76,yes
G.Skill F4-3600C16-16GTZN.thp,TH41,DDR4,0x74770A76,yes
G.Skill F4-3600C16-16GTZNC (4).thp,TH41,DDR4,0x74770A76,yes
G.Skill F4-3600C16-16GTZNC.thp,TH41,DDR3,0x070071C6,yes
G.Skill F4-3600C16-16GTZRC.thp,TH41,DDR4,0x74770A76,yes
G.Skill F4-3600C16-16GVKC.thp,TH41,DDR4,0x74770A76,yes
G.Skill F4-3600C16-8GTZNC (3).thp,TH41,DDR3,0x070096C6,yes
G.Skill F4-3600C16-8GTZNC.thp,TH41,DDR4,0x74770A76,yes
G.Skill F4-3600C16-8GTZR.thp,TH41,DDR4,0x74770A76,yes
G.Skill F4-3600C16-8GTZRC.thp,TH41,DDR4,0x74770A76,yes
G.Skill F4-3600C16-8GVK.thp,TH41,DDR4,0x74770A76,yes
G.Skill F4-3600C17-16GTZ.thp,TH41,DDR4,0x74770A76,yes
G.Skill F4-3600C17-16GTZKW.thp,TH41,DDR4,0x74770A76,yes
G.Skill F4-3600C17-16GTZSW.thp,TH41,DDR4,0x74770A76,yes
G.Skill F4-3600C18-16GTZN.thp,TH41,DDR4,0x74770A76,yes
G.Skill F4-3600C18-32GTZN.thp,TH41,DDR4,0x74770A76,yes
G.Skill F4-3600C18-32GVK.thp,TH41,DDR4,0x74770A76,yes
G.Skill F4-3600C18-8GTRG.thp,TH41,DDR4,0x74770A76,yes
G.Skill F4-3600C18-8GTZN (1).thp,TH41,DDR4,0x74770A76,yes
G.Skill F4-3600C18-8GTZN.thp,TH41,DDR4,0x74770A76,yes
G.Skill F4-3600C18-8GTZRX.thp,TH41,DDR4,0x74770A76,yes
G.Skill F4-3600C18-8GVK.thp,TH41,DDR4,0x74770A76,yes
G.Skill F4-3600C19-16GSXWB.thp,TH41,DDR3,0x070071C6,yes
G.Skill F4-3600C19-16GVRB (1).thp,TH41,DDR3,0x070071C6,yes
G.Skill F4-3600C19-16GVRB.thp,TH41,DDR4,0x74770A76,yes
G.Skill F4-3600C19-8GVRB.thp,TH41,DDR4,0x74770A76,yes
G.Skill F4-3800C14-16GTZN.thp,TH41,DDR4,0x74770A76,yes
G.Skill F4-40 0C18-16GTZN.thp,TH41,DDR3,0x07009604,yes
G.Skill F4-4000C15-8GVK.thp,TH41,DDR4,0x74770A76,yes
G.Skill F4-4000C16-16GVKA.thp,TH41,DDR4,0x74770A76,yes
G.Skill F4-4000C16-8GVKA.thp,TH41,DDR4,0x74770A76,yes
G.Skill F4-4000C17-16GTRSB.thp,TH41,DDR4,0x74770A76,yes
G.Skill F4-4000C18-16GTRG.thp,TH41,DDR3,0x07009604,yes
G.Skill F4-4000C18-16GTRS.thp,TH41,DDR4,0x74770A76,yes
G.Skill F4-4000C18-16GTZN (1).thp,TH41,DDR4,0x74770A76,yes
G.Skill F4-4000C18-16GTZN.thp,TH41,DDR3,0x07009604,yes
G.Skill F4-4000C18-32GTZR.thp,TH41,DDR4,0x74770A76,yes
G.Skill F4-4000C18-32GVK.thp,TH41,DDR4,0x74770A76,yes
G.Skill F4-4133C19-8GTZR.thp,TH41,DDR4,0x74770A76,yes
G.Skill F4-4400C17-16GTZR.thp,TH41,DDR4,0x74770A76,yes
G.Skill F4-4400C19-32GTRS.thp,TH41,DDR3,0x07009604,yes
G.Skill F4-4500C19-8GTZSWE.thp,TH41,DDR4,0x74770A76,yes
G.Skill F4-4800C19-8GTRSC.thp,TH41,DDR4,0x74770A76,yes
Galaxy Microsystems D4U0840185B.thp,TH41,DDR4,0x74770A76,yes
Galaxy Microsystems D4U0842192B.thp,TH41,DDR4,0x74770A76,yes
Gloway International Co Ltd YPT4U3000E16081C.thp,TH41,DDR4,0xA0B67AE1,yes
GoldKey NMGD416E82-4400G.thp,TH41,DDR3,0x07009604,yes
Gomos Limited gomos  G4G1600LD3.thp,TH20,DDR3,0xC4140101,yes
Heoriady 99P5471-002.A00LF.thp,TH20,DDR3,0x0826FB2A,yes
Hynix HMA81GR7MFR8N-UH.thp,TH41,DDR4,0x362CF505,yes
Hynix HMA82GS6CJR8N-VK.thp,TH41,DDR4,0x56BEB907,yes
Hynix HMA82GS6MFR8N-TF.thp,TH41,DDR4,0x4594466F,yes
Hynix HMAA1GS6CJR6N-XN.thp,TH41,DDR4,0x57985B54,yes
Hynix HMAA2GS6AJR8N-XN.thp,TH41,DDR4,0x00648F01,yes
Hynix HMAA2GS6CJR8N-XN (1).thp,TH41,DDR4,0x515DD5E8,yes
Hynix HMAA2GS6CJR8N-XN.thp,TH41,DDR4,0x50929899,yes
Hynix HMT351R7CFR8C-PB.thp,TH20,DDR3,0x40125B7A,yes
Hynix HMT351R7EFR4C-PB.thp,TH20,DDR3,0x12476487,yes
Hynix HMT451S6AFR8C-PB.thp,TH20,DDR3,0x0B69856D,yes
Hynix HMT451U7DFR8C-RD.thp,TH20,DDR3,0x07905FA5,yes
Hynix HYMP512U64CP8-S5.thp,TH20,?,,no
Hynix Undefined.thp,TH20,DDR3,0x35792854,yes
JUHOR JHC1600U1108JY.thp,TH20,DDR3,0xC91D6963,yes
Kingmax FLFE85F-C8KF9.thp,TH20,DDR3,0x00000000,yes
Kingston 9905403-038.A00G.thp,TH20,DDR3,0x9011014C,yes
Kingston 9905403-437.A01LF.thp,TH20,DDR3,0x572E8917,yes
Kingston 9905471-074.A00LF.thp,TH20,DDR3,0x871EBE9B,yes
Kingston 9905663-007.A00G.thp,TH41,DDR4,0x7F4E7CB9,yes
Kingston 9905700-053.A00G.thp,TH40,?,,no
Kingston 9905713-017.A00G.thp,TH41,DDR4,0xCED236D4,yes
Kingston 9905744-027.A00G.thp,TH41,DDR4,0x9632368D,yes
Kingston 9965426-402.A00LF.thp,TH20,DDR3,0xE43037E3,yes
Kingston 9965426-411.A00LF.thp,TH20,DDR3,0xD4388E84,yes
Kingston 99P5429-006.A01L.thp,TH20,?,,no
Kingston 99P5471-013.A00LF.thp,TH20,?,,no
Kingston 99P5474-013.A00LF.thp,TH20,DDR3,0x9E2DED3C,yes
Kingston 99P5723-005.A00G.thp,TH40,?,,no
Kingston 99U5403-159.A01LF.thp,TH20,DDR3,0x740F5124,yes
Kingston 99U5471-002.A00LF.thp,TH20,DDR3,0x373C9CB8,yes
Kingston 99U5471-011.A01LF.thp,TH20,DDR3,0x8815D155,yes
Kingston 99U5471-054.A00LF.thp,TH20,DDR3,0x1C1BC369,yes
Kingston 99U5474-010.A00LF.thp,TH20,DDR3,0x681C1F0E,yes
Kingston ACR26D4S9S1ME-4.thp,TH41,DDR4,0x4C61BA7C,yes
Kingston DDR3-2666 CL11 8GB.thp,TH20,DDR3,0x660BE74D,yes
Kingston HP24D4U7S8MBP-8.thp,TH41,DDR4,0x6B70D800,yes
Kingston HP32D4U2S1ME-8.thp,TH41,DDR4,0x9D0D7A13,yes
Kingston HP32D4U8D8HC-16X.thp,TH41,DDR4,0x5535EE3A,yes
Kingston HX316C10F-8.thp,TH20,DDR3,0x78121B47,yes
Kingston KF2666C16D4-16G.thp,TH41,DDR4,0x90C627E9,yes
Kingston KF3200C16D4-16GX.thp,TH41,DDR4,0x68214215,yes
Kingston KF3200C16D4-8GX (1).thp,TH41,DDR4,0x779A6698,yes
Kingston KF3200C16D4-8GX.thp,TH41,DDR4,0x3C291A7F,yes
Kingston KF3200C20S4-16GX (1).thp,TH41,DDR4,0xC0D63203,yes
Kingston KF3200C20S4-16GX.thp,TH41,DDR4,0xC4D9762F,yes
Kingston KF3200C20S4-32GX.thp,TH41,DDR4,0xDB274B92,yes
Kingston KF3200C20S4-8G.thp,TH41,DDR4,0xC5346CC5,yes
Kingston KF3600C16D4-16GX (1).thp,TH41,DDR4,0x2DCFA37C,yes
Kingston KF3600C16D4-16GX (2).thp,TH41,DDR4,0x2DE1A422,yes
Kingston KF3600C16D4-16GX.thp,TH41,DDR4,0xF121B99F,yes
Kingston KF3600C16D4-8GX (1).thp,TH41,DDR4,0x9001501F,yes
Kingston KF3600C16D4-8GX (2).thp,TH41,DDR3,0x070096D2,yes
Kingston KF3600C16D4-8GX.thp,TH40,?,,no
Kingston KF3600C18D4-16GX.thp,TH41,DDR4,0x680FFB5D,yes
Kingston KF3600C18D4-32GX.thp,TH41,DDR4,0x2ABD295C,yes
Kingston KHX1600C10D3-8G (1).thp,TH20,DDR3,0x660BE74D,yes
Kingston KHX1600C10D3-8G (3).thp,TH20,DDR3,0x2320E339,yes
Kingston KHX1600C10D3-8G.thp,TH20,DDR3,0x662B7429,yes
Kingston KHX1600C10D3-8GX (1).thp,TH20,DDR3,0xD70C9AB5,yes
Kingston KHX1600C10D3-8GX.thp,TH20,DDR3,0x0B22C8E5,yes
Kingston KHX1600C9D3-4GX (1).thp,TH20,DDR3,0x740E46B4,yes
Kingston KHX1600C9D3-4GX (2).thp,TH20,DDR3,0xC92C010D,yes
Kingston KHX1600C9D3-4GX.thp,TH20,DDR3,0xBE39126F,yes
Kingston KHX1866C10D3-4G.thp,TH20,DDR3,0x6726F8AE,yes
Kingston KHX1866C10D3-8G (1).thp,TH20,DDR3,0x1B08292C,yes
Kingston KHX1866C10D3-8G (2).thp,TH20,DDR3,0x7712B2A7,yes
Kingston KHX1866C10D3-8G (3).thp,TH20,DDR3,0x79360762,yes
Kingston KHX1866C10D3-8G (5).thp,TH20,DDR3,0xC5000000,yes
Kingston KHX1866C10D3-8G.thp,TH20,DDR3,0x660BE74D,yes
Kingston KHX2133C11D3-2GX.thp,TH20,DDR3,0xB9153052,yes
Kingston KHX2133C11D3-4GX.thp,TH20,DDR3,0x252D4E60,yes
Kingston KHX2133C14-8G.thp,TH40,?,,no
Kingston KHX2133C14D4-4G.thp,TH41,DDR4,0x3B61B613,yes
Kingston KHX2133C14D4-8G.thp,TH41,DDR4,0x9C5C27F8,yes
Kingston KHX2400C11D3-8GX.thp,TH20,DDR3,0x6A096217,yes
Kingston KHX2400C15-16G.thp,TH41,DDR4,0x2769F74E,yes
Kingston KHX2666C13-8GX.thp,TH41,DDR4,0x2A9D5EC3,yes
Kingston KHX2666C16-8G.thp,TH41,DDR4,0xDC618B71,yes
Kingston KHX3200C16D4-16GX (1).thp,TH40,?,,no
Kingston KHX3200C16D4-16GX (2).thp,TH41,DDR3,0x070096D2,yes
Kingston KHX3200C16D4-16GX.thp,TH41,DDR4,0x90D45928,yes
Kingston KHX3200C16D4-32GX (1).thp,TH40,?,,no
Kingston KHX3200C16D4-32GX.thp,TH40,?,,no
Kingston KHX3200C16D4-8GX (1).thp,TH41,DDR4,0x306A4B7F,yes
Kingston KHX3200C16D4-8GX (2).thp,TH41,DDR4,0xCCF9F70D,yes
Kingston KHX3200C16D4-8GX (3).thp,TH41,DDR4,0x8BE97853,yes
Kingston KHX3200C16D4-8GX (4).thp,TH41,DDR4,0x54344BA6,yes
Kingston KHX3200C16D4-8GX (5).thp,TH41,DDR4,0x9139BB73,yes
Kingston KHX3200C16D4-8GX (6).thp,TH41,DDR4,0x21300719,yes
Kingston KHX3200C16D4-8GX (7).thp,TH41,DDR4,0x05FE01ED,yes
Kingston KHX3200C16D4-8GX (8).thp,TH41,DDR4,0xDC434FD8,yes
Kingston KHX3200C16D4-8GX.thp,TH40,?,,no
Kingston KHX3200C18D4-16G.thp,TH41,DDR4,0x395EC148,yes
Kingston KHX3200C18D4-8G (1).thp,TH41,DDR4,0x1F7D6735,yes
Kingston KHX3200C18D4-8G.thp,TH41,DDR4,0x5EB07A37,yes
Kingston KHX3200C20S4-16GX.thp,TH41,DDR4,0xC4F5227D,yes
Kingston KHX3200C20S4-8G.thp,TH41,DDR4,0xBAE64173,yes
Kingston KHX3600C17D4-8GX.thp,TH41,DDR4,0x932726D8,yes
Kingston LV32D4U2S8ME-16X.thp,TH41,DDR4,0x76A5561D,yes
Kingston SNY1333D3S9ELC-4G.thp,TH20,DDR3,0x453C4DA9,yes
Kingston Undefined.thp,TH20,DDR3,0x00000000,yes
Lenovo 32GB-3200.thp,TH41,DDR4,0xBB920876,yes
Lenovo LMKUFG68AHFHD-32A.thp,TH41,DDR4,0x63E71A44,yes
Micron 16ATF1G64AZ-2G1B1.thp,TH41,DDR4,0x6187BB9D,yes
Micron 16ATF2G64HZ-3G2J1.thp,TH41,DDR4,0x521139B2,yes
Micron 16JTF1G64AZ-1G6E1.thp,TH20,DDR3,0x3191AF89,yes
Micron 4ATF1G64HZ-3G2E2.thp,TH41,DDR4,0x5F9FA87C,yes
Micron 8JTF25664AZ-1G6M1.thp,TH20,DDR3,0xFB7AFCDA,yes
Micron 8JTF51264AZ-1G6E1.thp,TH20,DDR3,0x0D04E7B2,yes
Micron 9JSF51272AZ-1G9E2.thp,TH20,DDR3,0x1417A28C,yes
Micron QUM3U-8G1600C11.thp,TH20,DDR3,0x00000000,yes
Mushkin Enhanced MFG MRA4S320GJJM32G.thp,TH41,DDR4,0x74771D4F,yes
OCZ OCZ3331024VSO.thp,TH20,?,,no
Patriot Memory 1600LL Series.thp,TH20,DDR3,0x00000000,yes
Patriot Memory 2400 C15 Series.thp,TH41,DDR4,0x716F0A0F,yes
Patriot Memory 2800 C16 Series.thp,TH40,?,,no
Patriot Memory 3000 C16 Series.thp,TH41,DDR4,0x74770A76,yes
Patriot Memory 3200 C16 Series (1).thp,TH41,DDR4,0x775E0A31,yes
Patriot Memory 3200 C16 Series (2).thp,TH41,DDR4,0x71650803,yes
Patriot Memory 3200 C16 Series (3).thp,TH41,DDR4,0x65520F15,yes
Patriot Memory 3200 C16 Series (4).thp,TH41,DDR4,0x75700AD9,yes
Patriot Memory 3200 C16 Series (5).thp,TH41,DDR3,0x070096D2,yes
Patriot Memory 3200 C16 Series (6).thp,TH41,DDR3,0x070096D2,yes
Patriot Memory 3200 C16 Series (7).thp,TH41,DDR4,0x7D47083F,yes
Patriot Memory 3200 C16 Series (8).thp,TH41,DDR3,0x070096D2,yes
Patriot Memory 3200 C16 Series.thp,TH40,?,,no
Patriot Memory 3600 C18 Series (1).thp,TH41,DDR4,0x64710A53,yes
Patriot Memory 3600 C18 Series (2).thp,TH41,DDR4,0x645E0C6B,yes
Patriot Memory 3600 C18 Series.thp,TH41,DDR4,0x645E0A86,yes
Patriot Memory 3733 C17 Series.thp,TH41,DDR4,0x76730EDA,yes
Patriot Memory 4000 C19 Series.thp,TH41,DDR4,0x74770A76,yes
Patriot Memory 4133 C18 Series.thp,TH41,DDR3,0x070071C6,yes
Patriot Memory 4133 C19 Series.thp,TH41,DDR4,0x65660848,yes
Patriot Memory 4400 C19 Series (1).thp,TH41,DDR3,0x070071C6,yes
Patriot Memory 4400 C19 Series.thp,TH41,DDR4,0x66550AF6,yes
Patriot Memory PSD38G16002.thp,TH20,DDR3,0x00000000,yes
Patriot Memory PSD416G21332.thp,TH40,?,,no
Patriot Memory PSD416G320081.thp,TH40,?,,no
Ramaxel RMR5030ME68F9F1600.thp,TH20,DDR3,0x4285971F,yes
Ramaxel RMT3160ED58E9W1600.thp,TH20,DDR3,0x43DC0978,yes
Samsung M3 78T2863EHS-CF7 (1).thp,TH20,?,,no
Samsung M3 78T2863EHS-CF7.thp,TH20,?,,no
Samsung M378A1G44AB0-CWE.thp,TH41,DDR4,0x35710A1C,yes
Samsung M378A1K43CB2-CRC (1).thp,TH41,DDR4,0x577F8A28,yes
Samsung M378A1K43CB2-CRC (3).thp,TH41,DDR4,0x577F8541,yes
Samsung M378A1K43CB2-CRC.thp,TH41,DDR4,0x43F54AF4,yes
Samsung M378A1K43CB2-CTD (1).thp,TH40,?,,no
Samsung M378A1K43CB2-CTD.thp,TH40,?,,no
Samsung M378A2K43CB1-CTD.thp,TH41,DDR4,0x455598BF,yes
Samsung M378A4G43AB2-CVF.thp,TH41,DDR4,0x34200C6E,yes
Samsung M378B5173DB0-CK0.thp,TH20,DDR3,0x22746200,yes
Samsung M378B5273DH0-CH9.thp,TH20,DDR3,0x647ED7B4,yes
Samsung M378B5273DH0-CK0.thp,TH20,DDR3,0x23B63430,yes
Samsung M393B2G70QH0-CMA.thp,TH20,DDR3,0x909C264A,yes
Samsung M471A1G44AB0-CWE.thp,TH41,DDR4,0x3478306F,yes
Samsung M471A1K43DB1-CWE (1).thp,TH41,DDR4,0x4C2BDB63,yes
Samsung M471A1K43DB1-CWE.thp,TH41,DDR4,0x322322A4,yes
Samsung M471A2G43AB2-CWE.thp,TH41,DDR4,0x75803D31,yes
Samsung M471A2K43EB1-CWE.thp,TH41,DDR4,0x46036652,yes
Samsung M471A5244CB0-CTD.thp,TH41,DDR4,0xE2FA1243,yes
Samsung M471B5173QH0-YK0.thp,TH20,DDR3,0x4077C349,yes
Samsung M471B5273CH0-CH9.thp,TH20,DDR3,0x641E5EF8,yes
Samsung M471B5273DH0-CK0.thp,TH20,DDR3,0xE150045C,yes
Samsung M471B5773DH0-CK0.thp,TH20,DDR3,0xE3B45B9B,yes
Samsung V-GeN D4S8GL32A8TXV.thp,TH41,DDR4,0x74770A53,yes
Smart Modular SF4641G8CK8IEHLSBG.thp,TH41,DDR4,0x72779C19,yes
Team Group TEAM ROU -UD4-32 0.thp,TH41,DDR3,0xCEFF71D2,yes
Team Group TEAMGROUP-SD4-3200.thp,TH41,DDR4,0x75732C0E,yes
Team Group TEAMGROUP-UD4-3000.thp,TH41,DDR4,0x75738259,yes
Team Group TEAMGROUP-UD4-3200 (1).thp,TH41,DDR4,0x75733BA2,yes
Team Group TEAMGROUP-UD4-3200 (2).thp,TH41,DDR4,0x76750265,yes
Team Group TEAMGROUP-UD4-3200 (3).thp,TH41,DDR3,0xCEC971FB,yes
Team Group TEAMGROUP-UD4-3200.thp,TH41,DDR4,0x75731DFE,yes
Team Group TEAMGROUP-UD4-3600 (1).thp,TH41,DDR4,0x7573AF0B,yes
Team Group TEAMGROUP-UD4-3600.thp,TH41,DDR4,0x7675B571,yes
Undefined 515156205581442000.thp,TH20,?,,no
Undefined BL8G30C15U4RL.M8FE1.thp,TH41,DDR3,0x07009604,yes
Undefined Undefined (1).thp,TH50,?,,no
Undefined Undefined (3).thp,TH50,?,,no
Undefined Undefined (4).thp,TH50,?,,no
Undefined Undefined (5).thp,TH20,?,,no
Undefined Undefined (7).thp,TH20,DDR3,0x00000000,yes
Undefined Undefined (8).thp,TH20,?,,no
Undefined Undefined.thp,TH20,?,,no
Unknown (JEDEC ID 0480h) 4-3200C16-8GTZR.thp,TH41,DDR3,0x070096C6,yes
Unknown (JEDEC ID 04FFh) 4 3200C14-8GTZR.thp,TH41,DDR3,0x07008EC6,yes
Unknown (JEDEC ID 04FFh) 4 4 6 C 7 1 G R B.thp,TH41,DDR3,0xF8008EC6,yes
"Unknown (JEDEC ID 0BFFh) ,  .thp",TH41,DDR3,0x070071C6,yes
Unknown (JEDEC ID 1616h) atermiter.thp,TH41,DDR4,0xE4660A1D,yes
Unknown (JEDEC ID 7FCDh) F - 2 6 1 - 6 T S.thp,TH41,DDR3,0x07FF71FB,yes
Unknown (JEDEC ID 7FFFh) F4-3200C14-8GTZRX.thp,TH41,DDR4,0x8B77F576,yes
V-Color TD48G26S819-VC.thp,TH41,DDR4,0x74770A76,yes
V-GEN D4S8GS32A8.thp,TH41,DDR4,0x74770B41,yes
Visipro Undefined.thp,TH20,DDR3,0x00000000,yes
Wilk Elektronik IRP3600D4V64L17S-8G.thp,TH40,?,,no
Wilk Elektronik IRP3600D4V64L18S-8G.thp,TH41,DDR4,0x74770A76,yes
Wilk Elektronik IRX3200D464L16S-8G.thp,TH41,DDR4,0xE9A50836,yes
Samsung DASO416F84-3200EA00.thp,TH41,DDR4,0x74770A11,yes
Samsung DAUD416F84-3200EA00.thp,TH41,DDR4,0x74770A3F,yes
Samsung M378A1G43EB1-CRC.thp,TH43,DDR4,0x376F2EEC,yes
Samsung M378A1G44AB0-CWE.thp,TH43,DDR4,0x323116C3,yes
Samsung M378A1K43BB1-CPB (1).thp,TH43,DDR4,0x992F24D5,yes
Samsung M378A1K43BB1-CPB.thp,TH43,DDR4,0x991A1330,yes
Samsung M378A1K43BB2-CRC (1).thp,TH43,DDR4,0x02F3BC2F,yes
Samsung M378A1K43BB2-CRC (2).thp,TH43,DDR4,0x712BCA5D,yes
Samsung M378A1K43BB2-CRC.thp,TH43,DDR4,0x36F39460,yes
Samsung M378A1K43EB2-CWE.thp,TH43,DDR4,0x74325FEF,yes
Samsung M378A2G43BB3-CWE.thp,TH43,DDR4,0x01F58564,yes
Samsung M378A2K43BB1-CRC.thp,TH43,DDR4,0x19FA28F2,yes
Samsung M378A2K43CB1-CTD (1).thp,TH43,DDR4,0x31E461A1,yes
Samsung M378A2K43CB1-CTD.thp,TH41,DDR4,0x053EFF9A,yes
Samsung M378A2K43EB1-CWE (1).thp,TH43,DDR4,0x36731542,yes
Samsung M378A2K43EB1-CWE.thp,TH43,DDR4,0x32B2C602,yes
Samsung M378A5143DB0-CPB.thp,TH43,DDR4,0x31B08141,yes
Samsung M378A5143TB2-CTD.thp,TH40,?,,no
Samsung M378A5244CB0-CRC (1).thp,TH43,DDR4,0x924FFF17,yes
Samsung M378A5244CB0-CRC (2).thp,TH43,DDR4,0x926D0F20,yes
Samsung M378A5244CB0-CRC (4).thp,TH43,DDR4,0x925DF149,yes
Samsung M378A5244CB0-CRC.thp,TH43,DDR4,0x23F05ADD,yes
Samsung M378A5244CB0-CTD.thp,TH43,DDR4,0x253B0AE6,yes
Samsung M378A5244CB0-CWE.thp,TH40,?,,no
Samsung M378B1G73EB0-YK0.thp,TH20,DDR3,0x31D0E403,yes
Samsung M378B1G73QH0-CK0.thp,TH20,DDR3,0x122360FD,yes
Samsung M378B5173BH0-CK0.thp,TH20,DDR3,0x14568230,yes
Samsung M378B5173QH0-CK0.thp,TH20,DDR3,0x0057FB60,yes
Samsung M378B5273CH0-CK0.thp,TH20,DDR3,0x969BC14F,yes
Samsung M378B5673EH1-CH9.thp,TH20,DDR3,0x634F672B,yes
Samsung M391B1G73QH0-YK0.thp,TH20,DDR3,0x153709B4,yes
Samsung M393A1K43BB0-CRC (1).thp,TH43,DDR4,0x375B26CB,yes
Samsung M393A1K43BB0-CRC.thp,TH43,DDR4,0x35A99EAD,yes
Samsung M393A2G40DB0-CPB.thp,TH43,DDR4,0x4157AF72,yes
Samsung M393A2G40DB1-CRC.thp,TH43,DDR4,0x418E5EC0,yes
Samsung M393A2G40EB1-CPB.thp,TH40,?,,no
Samsung M393B1K70DH0-CK0.thp,TH20,DDR3,0x11705316,yes
Samsung M393B1K70DH0-CMA.thp,TH20,DDR3,0x2153406A,yes
Samsung M425R2GA3BB0-CWMOD.thp,TH53,DDR5,0x4585D310,yes
Samsung M471A1K43CB1-CRC.thp,TH43,DDR4,0x3651CA43,yes
Samsung M471A1K43CB1-CTD.thp,TH43,DDR4,0x34F60F34,yes
Samsung M471A1K43DB1-CTD (1).thp,TH43,DDR4,0x32F5CA85,yes
Samsung M471A1K43DB1-CTD.thp,TH43,DDR4,0x174F4288,yes
Samsung M471A1K43DB1-CWE (1).thp,TH43,DDR4,0x4193B22F,yes
Samsung M471A1K43DB1-CWE.thp,TH43,DDR4,0x406E5F23,yes
Samsung M471A1K43EB1-CWE (1).thp,TH43,DDR4,0x132A745E,yes
Samsung M471A1K43EB1-CWE.thp,TH43,DDR4,0x32014B38,yes
Samsung M471A2G43AB2-CWE.thp,TH43,?,,no
Samsung M471A2K43BB1-CRC.thp,TH43,DDR4,0x984E6E6B,yes
Samsung M471A2K43BB1-CWE.thp,TH43,DDR4,0x370770C9,yes
Samsung M471A2K43DB1-CWE (1).thp,TH42,?,,no
Samsung M471A2K43DB1-CWE (2).thp,TH43,DDR4,0x370770C9,yes
Samsung M471A2K43DB1-CWE.thp,TH43,DDR4,0x03F18D55,yes
Samsung M471A2K43EB1-CWE.thp,TH41,DDR4,0x43C21AA2,yes
Samsung M471A2K43MB2-CWE.thp,TH43,DDR4,0x677C055D,yes
Samsung M471A4G43AB1-CWE (2).thp,TH43,DDR4,0x36AB6AA8,yes
Samsung M471A4G43AB1-CWE.thp,TH43,DDR4,0x6C270535,yes
Samsung M471A4G43MB1-CWE.thp,TH43,DDR4,0x7E182688,yes
Samsung M471B1G73BH0-YK0.thp,TH20,DDR3,0x230000DB,yes
Samsung M471B1G73DB0-YK0.thp,TH20,DDR3,0x96144DC4,yes
Samsung M471B5173DB0-YK0.thp,TH20,DDR3,0x17B94A2D,yes
Samsung M471B5273CH0-CH9.thp,TH20,DDR3,0x6224F289,yes
Samsung M471B5273DH0-CH9 (1).thp,TH20,DDR3,0x002A66FC,yes
Samsung M471B5273DH0-CH9.thp,TH20,DDR3,0x6251A874,yes
Shanghai Yili Computer Co XMP3200.thp,TH43,DDR4,0x35000030,yes
Shenzhen Longsys Electronics Co. Ltd. LD4BU008G-3200XG.thp,TH43,DDR4,0x253000DA,yes
Shenzhen Longsys Electronics Co. Ltd. LD4BU016G-3200XG.thp,TH43,DDR4,0x2855067B,yes
Shenzhen Longsys Electronics Co. Ltd. LD4BU016G-3600WG.thp,TH43,DDR4,0x68540651,yes
Shenzhen Longsys Electronics Co. Ltd. LD5EU016G-6400LA.thp,TH53,DDR5,0x605608B7,yes
Shenzhen Mic Electronics KF564C32-16.thp,TH53,DDR5,0x643EA7B8,yes
Shenzhen Yong Sheng YXS1866C10D3-8G.thp,TH20,DDR3,0x74260A04,yes
Silicon Power SP008GBLFU213B02.thp,TH43,DDR4,0x00000000,yes
Silicon Power Undefined (1).thp,TH20,DDR3,0x00000000,yes
Silicon Power Undefined.thp,TH43,DDR4,0x00000000,yes
Smart Modular SMU4RCC3C0K0464SCG.thp,TH41,DDR4,0x7770319B,yes
Smart Modular SMU4WEC8C1K0464FCG.thp,TH41,DDR4,0x7021D390,yes
StarRam International SRM4U2666D19161C.thp,TH43,DDR4,0xF1892000,yes
TIGO Semiconductor Co. Ltd. Tigo.thp,TH20,DDR3,0xCB0851CA,yes
Tanbassh TSD4-16GB.thp,TH41,DDR4,0x687608D4,yes
Team Group TEAMGROUP-SD4-3200.thp,TH43,DDR4,0x0104B5B6,yes
Team Group TEAMGROUP-UD4-2400.thp,TH43,DDR4,0x0104ACB6,yes
Team Group TEAMGROUP-UD4-2666 (1).thp,TH43,DDR4,0x0202565D,yes
Team Group TEAMGROUP-UD4-2666.thp,TH43,DDR4,0x0104F876,yes
Team Group TEAMGROUP-UD4-3200 (1).thp,TH43,DDR4,0x010468BE,yes
Team Group TEAMGROUP-UD4-3200 (2).thp,TH43,DDR4,0x01046786,yes
Team Group TEAMGROUP-UD4-3200 (3).thp,TH42,?,,no
Team Group TEAMGROUP-UD4-3200 (4).thp,TH43,DDR4,0x01040092,yes
Team Group TEAMGROUP-UD4-3200 (5).thp,TH43,DDR4,0x0104048A,yes
Team Group TEAMGROUP-UD4-3200 (6).thp,TH43,DDR4,0x0104435D,yes
Team Group TEAMGROUP-UD4-3200 (7).thp,TH43,DDR4,0x0104316A,yes
Team Group TEAMGROUP-UD4-3200 (8).thp,TH43,?,,no
Team Group TEAMGROUP-UD4-3200.thp,TH43,DDR4,0x01A407DD,yes
Team Group TEAMGROUP-UD4-3600 (1).thp,TH43,DDR4,0x01047DCF,yes
Team Group TEAMGROUP-UD4-3600 (2).thp,TH43,DDR4,0x01041814,yes
Team Group TEAMGROUP-UD4-3600 (3).thp,TH43,DDR4,0x01049026,yes
Team Group TEAMGROUP-UD4-3600 (4).thp,TH43,?,,no
Team Group TEAMGROUP-UD4-3600 (5).thp,TH43,DDR4,0x01A40272,yes
Team Group TEAMGROUP-UD4-3600 (6).thp,TH43,DDR4,0x0104BE55,yes
Team Group TEAMGROUP-UD4-3600 (7).thp,TH43,?,,no
Team Group TEAMGROUP-UD4-3600 (8).thp,TH41,DDR4,0x7573216B,yes
Team Group TEAMGROUP-UD4-3600 (9).thp,TH41,DDR4,0x7675A021,yes
Team Group TEAMGROUP-UD4-3600.thp,TH43,DDR4,0x01040056,yes
Team Group TEAMGROUP-UD4-4000 (1).thp,TH43,DDR4,0x0104A002,yes
Team Group TEAMGROUP-UD4-4000 (2).thp,TH41,DDR4,0x75737DAF,yes
Team Group TEAMGROUP-UD4-4000 (3).thp,TH43,DDR4,0x0104A010,yes
Team Group TEAMGROUP-UD4-4000 (4).thp,TH43,DDR4,0x010477E2,yes
Team Group TEAMGROUP-UD4-4000.thp,TH43,DDR4,0x01045D59,yes
Team Group TEAMGROUP-UD4-4500.thp,TH43,DDR4,0x0104DC2E,yes
Team Group Team-Elite-1333.thp,TH20,DDR3,0x00000000,yes
Team Group Team-Elite-1600 (1).thp,TH20,DDR3,0x00000000,yes
Team Group Team-Elite-1600.thp,TH20,DDR3,0x00000000,yes
Team Group UD5-5600 (1).thp,TH53,DDR5,0x0104040E,yes
Team Group UD5-5600 (2).thp,TH53,?,,no
Team Group UD5-5600.thp,TH53,DDR5,0x01049548,yes
Team Group UD5-6000.thp,TH53,DDR5,0x01049867,yes
Team Group UD5-7200 (1).thp,TH53,DDR5,0x010457CB,yes
Team Group UD5-7200 (2).thp,TH53,?,,no
Team Group UD5-7200.thp,TH53,DDR5,0x01045362,yes
Team Group UD5-7600.thp,TH53,?,,no
Team Group Vulcan-1866.thp,TH20,DDR3,0x02025DC5,yes
Thermaltake R009D408GX2-3600C18B.thp,TH41,DDR4,0x546E0323,yes
Thermaltake R009D416GX2-3600C18B.thp,TH41,DDR4,0x74770A77,yes
Thermaltake R010D408GX1-3600C18S.thp,TH41,DDR4,0x75613C77,yes
Thermaltake R016D408GX2-3600C18A.thp,TH41,DDR4,0x74770A65,yes
Thermaltake R019D408GX2-3600C18A.thp,TH41,DDR4,0x777F3C76,yes
Thermaltake R022D408GX1-3600C18D.thp,TH41,DDR4,0x777F3C65,yes
Thermaltake R022D416GX2-3600C18B.thp,TH41,DDR4,0x74770A77,yes
Thermaltake RG06D408GX2-3600C18B.thp,TH41,DDR4,0x74770A61,yes
Transcend Information JM800QLU-2G.thp,TH20,?,,no
Undefined 0 (1).thp,TH41,DDR4,0x74770A76,yes
Undefined 0.thp,TH41,DDR4,0x74770A76,yes
Undefined 3DFX.thp,TH41,DDR4,0x74770E05,yes
Undefined 4ATF51264HZ-2G3B1.thp,TH41,DDR4,0x953F335C,yes
Undefined DDR416G3200MHz.thp,TH43,DDR4,0x9E02C300,yes
Undefined DEXP8GD3LSD16 (1).thp,TH20,DDR3,0x4F649014,yes
Undefined DEXP8GD3LSD16.thp,TH20,DDR3,0xC26A9014,yes
Undefined DGMAS43200008S.thp,TH43,DDR4,0xDC85021E,yes
Undefined HMT41GU6DFR8A-PB.thp,TH20,DDR3,0x1529E1ED,yes
Undefined M378B1G73QH0-CK0.thp,TH20,DDR3,0x197FBBAB,yes
Undefined Undefined (1).thp,TH20,?,,no
Undefined Undefined (10).thp,TH53,?,,no
Undefined Undefined (14).thp,TH20,?,,no
Undefined Undefined (15).thp,TH20,DDR3,0x000000A4,yes
Undefined Undefined (16).thp,TH20,?,,no
Undefined Undefined (18).thp,TH20,?,,no
Undefined Undefined (19).thp,TH20,?,,no
Undefined Undefined (2).thp,TH53,?,,no
Undefined Undefined (22).thp,TH20,?,,no
Undefined Undefined (23).thp,TH20,?,,no
Undefined Undefined (29).thp,TH20,?,,no
Undefined Undefined (3).thp,TH20,?,,no
Undefined Undefined (31).thp,TH20,?,,no
Undefined Undefined (32).thp,TH20,?,,no
Undefined Undefined (34).thp,TH53,?,,no
Undefined Undefined (36).thp,TH50,?,,no
Undefined Undefined (37).thp,TH20,?,,no
Undefined Undefined (38).thp,TH20,?,,no
Undefined Undefined (40).thp,TH50,?,,no
Undefined Undefined (42).thp,TH50,?,,no
Undefined Undefined (43).thp,TH41,DDR3,0xCEC971D2,yes
Undefined Undefined (44).thp,TH20,?,,no
Undefined Undefined (45).thp,TH41,DDR4,0x74653CDE,yes
Undefined Undefined (46).thp,TH20,DDR3,0x00000000,yes
Undefined Undefined (47).thp,TH53,?,,no
Undefined Undefined (48).thp,TH20,?,,no
Undefined Undefined (5).thp,TH20,?,,no
Undefined Undefined (6).thp,TH20,?,,no
Undefined Undefined (7).thp,TH20,?,,no
Undefined Undefined (8).thp,TH20,?,,no
Undefined Undefined (9).thp,TH20,?,,no
Undefined Undefined.thp,TH20,?,,no
Unknown (JEDEC ID 0080h) 3200C18D4-8G.thp,TH43,DDR4,0x06DFDD73,yes
Unknown (JEDEC ID 0080h) HMA851S6AFR6N-UH.thp,TH20,?,,no
Unknown (JEDEC ID 0080h) Undefined.thp,TH41,DDR4,0x6527400F,yes
Unknown (JEDEC ID 0080h) ankowall.thp,TH20,DDR3,0x01000000,yes
Unknown (JEDEC ID 00FFh) Undefined (5).thp,TH20,DDR3,0x00000000,yes
Unknown (JEDEC ID 00FFh) Undefined.thp,TH20,?,,no
Unknown (JEDEC ID 0400h) F4-3600C18-32GTZR.thp,TH40,?,,no
Unknown (JEDEC ID 0849h) Undefined.thp,TH41,DDR4,0x7431086E,yes
Unknown (JEDEC ID 0B2Ch) HKED4081CBA2D1MA2.thp,TH41,DDR4,0x652728FF,yes
Unknown (JEDEC ID 0C26h) TIMETEC-SD4-2666.thp,TH41,DDR4,0x74770360,yes
Unknown (JEDEC ID 0C26h) TIMETEC-U32G-3200 (1).thp,TH41,DDR4,0xF4B9ED25,yes
Unknown (JEDEC ID 0C26h) TIMETEC-U32G-3200.thp,TH41,DDR4,0xF4B9ED25,yes
Unknown (JEDEC ID 0C26h) Timetec 32NUS1R8-16G.thp,TH41,DDR4,0x74770A76,yes
Unknown (JEDEC ID 0DE3h) DDR4 2666 8G.thp,TH43,DDR4,0x2BFADB1E,yes
Unknown (JEDEC ID 0E54h) HN-DDR4 SO-DIMM.thp,TH43,DDR4,0x56DFB089,yes
Unknown (JEDEC ID 0EEFh) UD138 CL22.thp,TH41,DDR4,0xCF930A76,yes
Unknown (JEDEC ID 7F6Ch) CMK32GX4M4 3200C16.thp,TH43,?,,no
Unknown (JEDEC ID 7FFFh) ANACOMDA ET D4 3600.thp,TH41,DDR4,0x74770A76,yes
V-Color 1642819C-E6PRSWK.thp,TH41,DDR3,0x07009604,yes
V-Color TL 6 2819C-E6PRSWK.thp,TH41,DDR3,0x07009604,yes
V-Color TL8G32816C-E0P2AAK.thp,TH43,DDR4,0x00000000,yes
Vasekey 9905625-004.A03LF.thp,TH43,DDR4,0x0000A970,yes
Veineda Co. Ltd. Undefined.thp,TH20,DDR3,0x00000008,yes
Wilk Elektronik GR1333D364L9-2G.thp,TH20,DDR3,0x00000000,yes
Wilk Elektronik GR1333D364L9-4G.thp,TH20,DDR3,0x00000000,yes
Wilk Elektronik GR1333D364L9S-4G.thp,TH20,DDR3,0x00000000,yes
Wilk Elektronik GR1600D364L11-8G.thp,TH20,DDR3,0x7FEFF505,yes
Wilk Elektronik GR2133D464L15S-4G.thp,TH43,DDR4,0x00000000,yes
Wilk Elektronik GR2666D464L19-16G (1).thp,TH43,DDR4,0xAB120810,yes
Wilk Elektronik GR2666D464L19-16G.thp,TH43,DDR4,0x00000000,yes
Wilk Elektronik GY2400D464L15S-4G.thp,TH43,DDR4,0x00000000,yes
Wilk Elektronik IR-5600D564L30-32G.thp,TH53,DDR5,0x00003CEE,yes
Wilk Elektronik IR2400D464L15S-8G (1).thp,TH43,DDR4,0x00000000,yes
Wilk Elektronik IR2400D464L15S-8G (2).thp,TH43,DDR4,0x00000000,yes
Wilk Elektronik IR2400D464L15S-8G.thp,TH43,DDR4,0x00000000,yes
Wilk Elektronik IRG-36D4L18S-16GDC.thp,TH43,DDR4,0x00000000,yes
Wilk Elektronik IRG36D4L18S-8G.thp,TH43,DDR4,0x00000000,yes
Wilk Elektronik IRP3600D4V64L18-16G (1).thp,TH43,DDR4,0x3B980D40,yes
Wilk Elektronik IRP3600D4V64L18-16G.thp,TH43,DDR4,0x24620F10,yes
Wilk Elektronik IRP4000D4V64L18S-8G.thp,TH41,DDR4,0x55E90566,yes
Wilk Elektronik IRX2666D464L16S-8G.thp,TH43,DDR4,0x47BE0A40,yes
Wilk Elektronik IRX3000D464L16S-8G.thp,TH43,DDR4,0x00000000,yes
Wilk Elektronik IRX3200D464L16A-16G.thp,TH43,?,,no
Wilk Elektronik IRX3200D464L16SA-8G (1).thp,TH43,DDR4,0x88B30910,yes
Wilk Elektronik IRX3200D464L16SA-8G.thp,TH41,DDR4,0x53480336,yes
